victorlin/loso,Python,40.000000,0.700000,0.000000,False,0.176068,0.000000,0.000000,True,dormant
danbethell/rmanconnect,C++,40.000000,1.000000,0.000000,False,0.455311,0.000000,0.000000,True,dormant
oommenkm/AminoAcidMappingOnNucleotideSeq,Python,0.000000,1.000000,0.000000,False,0.115942,0.000000,0.000000,False,dormant
Dutchy-/sick-recent,Python,0.000000,1.000000,0.000000,False,0.258824,0.000000,0.000000,False,dormant
idris/resque-progress,Ruby,30.000000,0.500000,0.000000,False,0.036585,0.000000,0.000000,True,dormant
yunglin/tapestry-jersey,Java,50.000000,1.000000,0.000000,False,0.267666,0.000000,0.000000,True,dormant
Dutchy-/SocketBot,Python,0.000000,0.666667,0.000000,False,0.127451,0.000000,0.000000,False,dormant
orj/mod_bonjour,C,0.000000,0.000000,0.000000,False,0.162308,0.000000,0.000000,False,dormant
gosquared/nvm-cookbook,Ruby,0.000000,0.333333,0.000000,False,0.000000,0.000000,0.000000,False,dormant
jaswope/atlrug-appengine-example,Ruby,0.000000,1.000000,0.000000,False,0.000000,0.000000,0.000000,False,dormant
Mirocow/yii-EasyAPNs,PHP,20.000000,0.500000,0.000000,False,0.458221,0.000000,0.000000,True,dormant
dwt/vagrant-hosts,Ruby,0.000000,0.500000,0.000000,False,0.198381,0.000000,0.000000,False,dormant
mocoso/cucumber-screenshot,Ruby,50.000000,0.800000,0.000000,False,0.090592,0.000000,0.000000,True,dormant
myusuf3/loading,Python,40.000000,0.666667,0.000000,False,0.098765,0.000000,0.000000,True,dormant
kergoth/kergoth.github.com,Ruby,0.000000,0.500000,0.000000,False,0.135269,0.000000,0.000000,False,dormant
jasonlamkk/OpenUDID.Net,C#,0.000000,0.647059,0.000000,False,0.187679,0.000000,0.000000,False,dormant
ThomasDK81/Sickbeard4Friends,PHP,0.000000,0.666667,0.000000,False,0.203077,0.000000,0.000000,False,dormant
meh/boolean-expression,Ruby,50.000000,0.833333,0.000000,False,0.236066,0.000000,0.000000,True,dormant
robmathews/linecache19-0.5.13,Ruby,50.000000,0.666667,0.000000,False,0.168363,0.000000,0.000000,True,dormant
abjacs/pyvoice,Python,0.000000,1.000000,0.000000,False,0.297674,0.000000,0.000000,False,dormant
vilts/PDU,C,40.000000,1.000000,0.000000,False,0.193987,0.000000,0.000000,True,dormant
lianos/ARE.matio,C,50.000000,0.941176,0.000000,False,0.111822,0.000000,0.000000,True,dormant
simonmaddox/auto-sickbeard,Ruby,0.000000,0.000000,0.000000,False,0.012987,0.000000,0.000000,False,dormant
drKreso/game_of_life,Ruby,30.000000,0.400000,0.000000,False,0.078261,0.000000,0.000000,True,dormant
thefrontside/jquery-drag-rails,Ruby,20.000000,0.333333,0.000000,False,0.292434,0.000000,0.000000,True,dormant
iwalabs/refinerycms-auto_fbposts,Ruby,40.000000,0.714286,0.000000,False,0.008929,0.000000,0.000000,True,dormant
iratqq/xxxterm,C,40.000000,0.714286,0.000000,False,0.096721,0.000000,0.000000,True,dormant
historian/git_workflow,Ruby,0.000000,0.875000,0.000000,False,0.000000,0.000000,0.000000,False,dormant
millenomi/objc-shorthand,Ruby,40.000000,1.000000,0.000000,False,0.006250,0.000000,0.000000,True,dormant
kieran/ip_geolocation,Ruby,0.000000,0.000000,0.000000,False,0.000000,0.000000,0.000000,False,dormant
Atkin/Plugin,Java,0.000000,1.000000,0.000000,False,0.538462,0.000000,0.000000,False,dormant
nuclearsandwich/cage,Ruby,0.000000,0.625000,0.000000,False,0.018349,0.000000,0.000000,False,dormant
evandhoffman/DNSBench,Java,0.000000,1.000000,0.000000,False,0.073529,0.000000,0.000000,False,dormant
Lennaert/Lennaerts-Snippets,PHP,0.000000,,,,,,,,
patshaughnessy/paperclip-sample-app,Ruby,0.000000,0.713287,0.000000,False,0.097300,0.000000,0.000000,False,dormant
ericholscher/chef-django-example,Ruby,0.000000,0.111111,0.000000,False,0.137705,0.000000,0.000000,False,dormant
rburchell/libgroove,C++,50.000000,0.962963,0.000000,False,0.270783,0.000000,0.000000,True,dormant
jeffbryner/kinectasploitv2,Python,50.000000,0.666667,0.000000,False,0.137288,0.000000,0.000000,True,dormant
pmanning11/demo_app,Ruby,0.000000,0.428571,0.000000,False,0.382445,0.000000,0.000000,False,dormant
dfens/john-doe,Ruby,30.000000,0.571429,0.000000,False,0.015647,0.000000,0.000000,True,dormant
tomjw64/DeathCannon,Java,0.000000,1.000000,0.000000,False,0.011696,0.000000,0.000000,False,dormant
hugowetterberg/rest_server,PHP,0.000000,0.333333,0.000000,False,0.494985,0.000000,0.000000,False,dormant
daviddrell/visualsc,C++,40.000000,0.968254,0.000000,False,0.166849,0.000000,0.000000,True,dormant
ghendry/nqueens,Ruby,0.000000,0.875000,0.000000,False,0.002674,0.000000,0.000000,False,dormant
simonmaddox/codeigniter-twitter,PHP,0.000000,0.000000,0.000000,False,0.112469,0.000000,0.000000,False,dormant
nuttt/vee-synchro,Java,0.000000,1.000000,0.000000,False,0.117241,0.000000,0.000000,False,dormant
julien51/skates,Ruby,50.000000,0.794872,0.000000,False,0.104424,0.000000,0.000000,True,dormant
dziegler/django-cachebot,Python,50.000000,0.760000,0.000000,False,0.102394,0.000000,0.000000,True,dormant
DaMonkey/hankypanky,Python,50.000000,0.959459,0.000000,False,0.259982,0.000000,0.000000,True,dormant
carlhoerberg/sprockets-cache-redis,Ruby,0.000000,0.250000,0.000000,False,0.157895,0.000000,0.000000,False,dormant
tobrien/sample-math,Java,0.000000,0.500000,0.000000,False,0.281250,0.000000,0.000000,False,dormant
pratyush-nigam/Music-Library,Python,20.000000,0.157895,0.000000,False,0.151306,0.000000,0.000000,True,dormant
cmaher/album-cover,Python,0.000000,1.000000,0.000000,False,0.020548,0.000000,0.000000,False,dormant
jimmypunk/NTUCourse,Java,40.000000,0.666667,0.000000,False,0.272340,0.000000,0.000000,True,dormant
itkin/respond_to_parent,Ruby,30.000000,0.142857,0.000000,False,0.421053,0.000000,0.000000,True,dormant
rath/me2terminal,Python,0.000000,1.000000,0.000000,False,0.101744,0.000000,0.000000,False,dormant
joshualynch/WP-Journo-HTML5,PHP,0.000000,0.222222,0.000000,False,0.076425,0.000000,0.000000,False,dormant
soshkt/vida_development,Ruby,0.000000,0.250000,0.000000,False,0.211905,0.000000,0.000000,False,dormant
ariefbayu/android-list-form-db,Java,0.000000,0.857143,0.000000,False,0.079812,0.000000,0.000000,False,dormant
KitchenTableCoders/TornadoDemo,Python,0.000000,0.000000,0.000000,False,0.172414,0.000000,0.000000,False,dormant
spayder/gawronski,PHP,0.000000,,,,,,,,
niklas/handlebars-rails,Ruby,20.000000,0.285714,0.000000,False,0.029208,0.000000,0.000000,True,dormant
textgoeshere/redcmd,Ruby,0.000000,0.000000,0.000000,False,0.047619,0.000000,0.000000,False,dormant
tcabrol/python-sdk,Python,40.000000,0.833333,0.000000,False,0.245005,0.000000,0.000000,True,dormant
jamesu/twackr,Ruby,30.000000,0.615385,0.000000,False,0.089817,0.000000,0.000000,True,dormant
rath/me2day-underground-api,Java,0.000000,1.000000,0.000000,False,0.192771,0.000000,0.000000,False,dormant
ctrimble/neon,Java,50.000000,0.869565,0.000000,False,0.251789,0.000000,0.000000,True,dormant
tobrien/sample-json-parsing,Java,0.000000,0.333333,0.000000,False,0.024096,0.000000,0.000000,False,dormant
maxhodak/notes,Python,0.000000,0.000000,0.000000,False,0.012953,0.000000,0.000000,False,dormant
MaZderMind/OpenStreetMap-History-API,C++,0.000000,0.000000,0.000000,False,0.055556,0.000000,0.000000,False,dormant
tigoe/Button,C++,40.000000,1.000000,0.000000,False,0.468750,0.000000,0.000000,True,dormant
anachronistic/DCI-Rails-Example,Ruby,0.000000,,,,,,,,
bennibu/hbci4rails,Ruby,0.000000,0.818182,0.000000,False,0.106866,0.000000,0.000000,False,dormant
julienvey/BlogGWTEditor,Java,0.000000,1.000000,0.000000,False,0.005450,0.000000,0.000000,False,dormant
gh123man/ICS_tablet_HW_rotationlock,Java,40.000000,0.666667,0.000000,False,0.387746,0.000000,0.000000,True,dormant
migrs/rack-session-sequel,Ruby,0.000000,0.666667,0.000000,True,0.008310,0.000000,0.000000,False,dormant
Romayne/MSSQL-Server-Connector,PHP,20.000000,0.571429,0.000000,False,0.174847,0.000000,0.000000,True,dormant
gweber/icecat2mongoDB,PHP,0.000000,0.500000,0.000000,False,0.224053,0.000000,0.000000,False,dormant
vim-scripts/DBGp-client,Python,0.000000,0.000000,0.000000,False,0.309002,0.000000,0.000000,False,dormant
MSch/handlebars-ruby,Ruby,0.000000,0.750000,0.000000,False,0.158854,0.000000,0.000000,False,dormant
tftr/SVGDreams,PHP,0.000000,0.900000,0.000000,False,0.070252,0.000000,0.000000,False,dormant
apriori/dsss,C,50.000000,0.951923,0.000000,False,0.111098,0.000000,0.000000,True,dormant
tobrien/sample-parse,Java,0.000000,0.833333,0.000000,False,0.055000,0.000000,0.000000,False,dormant
unclecheese/bedrock,PHP,0.000000,0.833333,0.000000,False,0.370322,0.000000,0.000000,False,dormant
toamitkumar/url_encrypt,Ruby,30.000000,0.250000,0.000000,False,0.032967,0.000000,0.000000,True,dormant
ghickman/django-password,Python,0.000000,0.454545,0.000000,False,0.056995,0.000000,0.000000,False,dormant
nella/localization,PHP,20.000000,0.625000,0.000000,False,0.379357,0.000000,0.000000,True,dormant
LawrenceWoodman/star_rating-liquid_filter,Ruby,20.000000,0.000000,0.000000,False,0.030303,0.000000,0.000000,True,dormant
tatey/jekyll_plugins,Ruby,0.000000,0.600000,0.000000,False,0.101562,0.000000,0.000000,False,dormant
daeken/PSReverse,Python,0.000000,0.541667,0.000000,False,0.100141,0.000000,0.000000,False,dormant
dworrad/photostrap,Ruby,0.000000,1.000000,0.000000,False,0.100173,0.000000,0.000000,False,dormant
alecthomas/oink,Python,50.000000,1.000000,0.000000,False,0.152244,0.000000,0.000000,True,dormant
nyren/occi-py,Python,50.000000,0.818182,0.000000,False,0.320526,0.000000,0.000000,True,dormant
ozgurerdogdu/password-generator,Python,0.000000,0.857143,0.000000,False,0.072727,0.000000,0.000000,False,dormant
brinkmwj/SIMDExperiment,C++,0.000000,,,,,,,,
BenoitCattie/puppet-keepalived,Ruby,0.000000,0.250000,0.000000,False,0.341463,0.000000,0.000000,False,dormant
jshou/ruby-nlp,Ruby,0.000000,,,,,,,,
UserScape/autobundle,PHP,0.000000,0.000000,0.000000,False,0.485714,0.000000,0.000000,False,dormant
anghelmihai/virtual_hosts,Python,0.000000,0.000000,0.000000,False,0.058824,0.000000,0.000000,False,dormant
slimstemplate/lightweight-opac,PHP,0.000000,0.142857,0.000000,False,0.064599,0.000000,0.000000,False,dormant
slimstemplate/terrafirma-opac,PHP,0.000000,0.250000,0.000000,False,0.023529,0.000000,0.000000,False,dormant
slimstemplate/green-opac,PHP,0.000000,0.142857,0.000000,False,0.080858,0.000000,0.000000,False,dormant
pulasthi7/Help-Me-Find-Bus-Routes,PHP,0.000000,0.750000,0.000000,False,0.080700,0.000000,0.000000,False,dormant
slimstemplate/classic-opac,PHP,0.000000,0.142857,0.000000,False,0.077372,0.000000,0.000000,False,dormant
Koura/ohtu-viikko2,Java,0.000000,0.750000,0.000000,False,0.066630,0.000000,0.000000,False,dormant
klauswuestefeld/basis,Java,0.000000,0.975904,0.000000,False,0.013497,0.000000,0.000000,False,dormant
akhileshgodi/Music-Player,Java,0.000000,1.000000,0.000000,False,0.132874,0.000000,0.000000,False,dormant
DiegoSousa/MockRestUniversi.me,Java,0.000000,1.000000,0.000000,False,0.019608,0.000000,0.000000,False,dormant
objectiser/symplify,Java,50.000000,1.000000,0.000000,False,0.249260,0.000000,0.000000,True,dormant
ningyotoge/ningyotoge,Python,0.000000,0.000000,0.000000,False,0.000000,0.000000,0.000000,False,dormant
HedgeMage/supportDO,PHP,0.000000,0.000000,0.000000,False,0.406250,0.000000,0.000000,False,dormant
ctice/ruby-mahjongg,Ruby,0.000000,0.888889,0.000000,False,0.111111,0.000000,0.000000,False,dormant
topfunky/ar_fixtures,Ruby,50.000000,0.700000,0.000000,False,0.103030,0.000000,0.000000,True,dormant
tirsen/autorsync,Ruby,0.000000,0.000000,0.000000,False,0.038462,0.000000,0.000000,False,dormant
picotiming/live-results,Python,0.000000,0.500000,0.000000,False,0.126829,0.000000,0.000000,False,dormant
holalabs/holaio-android,Java,40.000000,0.857143,0.000000,False,0.121891,0.000000,0.000000,True,dormant
mbrevoort/sigint-emitter-java,Java,0.000000,1.000000,0.000000,False,0.021401,0.000000,0.000000,False,dormant
cboatsman/GATS,Ruby,0.000000,0.308642,0.000000,False,0.445923,0.000000,0.000000,False,dormant
thiagogt/Ep1-Concorrentes,C,0.000000,0.500000,0.000000,False,0.066667,0.000000,0.000000,False,dormant
J-N/HackNYSpring2012,Python,0.000000,0.777778,0.000000,False,0.247919,0.000000,0.000000,False,dormant
samwierema/donghua,PHP,0.000000,0.500000,0.000000,False,0.022792,0.000000,0.000000,False,dormant
jgnguyen/mobile-PanicLight,Java,0.000000,0.800000,0.000000,False,0.018072,0.000000,0.000000,False,dormant
guusli/FantasyXI,Ruby,0.000000,0.628571,0.000000,False,0.199891,0.000000,0.000000,False,dormant
wkral/imrag.in,Ruby,20.000000,0.087719,0.000000,False,0.187338,0.000000,0.000000,True,dormant
sjlu/hacknys2012,PHP,40.000000,0.765432,0.000000,False,0.308665,0.000000,0.000000,True,dormant
konradstrack/forvelki,Python,0.000000,0.833333,0.000000,False,0.184495,0.000000,0.000000,False,dormant
dhleong/SeriesTracker-v6,Java,40.000000,0.988372,0.000000,False,0.194706,0.000000,0.000000,True,dormant
Jearil/cjw-robots,Java,40.000000,0.966102,0.000000,False,0.062795,0.000000,0.000000,True,dormant
Znapy/Skype-chat-supervisor,C++,0.000000,1.000000,0.000000,False,0.164803,0.000000,0.000000,False,dormant
perryqh/prettyruby,Python,0.000000,0.000000,0.000000,False,0.026549,0.000000,0.000000,False,dormant
jonmarkgo/Git-Cookin-,Ruby,0.000000,0.305556,0.000000,False,0.044650,0.000000,0.000000,False,dormant
ksu006/MemeMyLife,Python,30.000000,0.500000,0.000000,False,0.051810,0.000000,0.000000,True,dormant
WordNumber/Recommendr,Python,0.000000,0.571429,0.000000,False,0.174260,0.000000,0.000000,False,dormant
rafi-khan/Avishary,Ruby,0.000000,0.360000,0.000000,False,0.458774,0.000000,0.000000,False,dormant
nmc2484/Concurrent-activity-2,Java,0.000000,1.000000,0.000000,False,0.366337,0.000000,0.000000,False,dormant
stonedcrow/GameOfr0ar,C#,0.000000,0.333333,0.000000,False,0.004354,0.000000,0.000000,False,dormant
Lattyware/lgj2.0,C#,0.000000,0.750000,0.000000,False,0.072064,0.000000,0.000000,False,dormant
Symfony-Plugins/sfPHPUnit2Plugin,PHP,30.000000,0.333333,0.000000,False,0.447935,0.000000,0.000000,True,dormant
daillo/NeiHanTuServer,Ruby,0.000000,0.071429,0.000000,False,0.092262,0.000000,0.000000,False,dormant
konne88/Shareables,Java,0.000000,1.000000,0.000000,False,0.236364,0.000000,0.000000,False,dormant
Pitzik4/Geode,Java,0.000000,0.948718,0.000000,False,0.053648,0.000000,0.000000,False,dormant
raulfortes/jobjobs,Python,0.000000,0.222222,0.000000,False,0.229133,0.000000,0.000000,False,dormant
zvikapika/ActionPainter,Java,0.000000,0.923077,0.000000,False,0.248890,0.000000,0.000000,False,dormant
cfl2119/cafes,Ruby,0.000000,0.214286,0.000000,False,0.297040,0.000000,0.000000,False,dormant
madundead/y-u-no-use-safe-imagehostings,Ruby,20.000000,0.500000,0.000000,False,0.053145,0.000000,0.000000,True,dormant
swaroopch/datafaker,Python,20.000000,0.000000,0.000000,False,0.032922,0.000000,0.000000,True,dormant
johndavidback/django-custom-admin-tips,Python,0.000000,0.000000,0.000000,False,0.500000,0.000000,0.000000,False,dormant
bohlander/geoipmq,C,30.000000,0.000000,0.000000,False,0.168919,0.000000,0.000000,True,dormant
davehunt/mozmill-jenkins-config,Python,0.000000,0.500000,0.000000,False,0.041667,0.000000,0.000000,False,dormant
NicolasTr/ILOO-2011-2012,Java,0.000000,1.000000,0.000000,False,0.209924,0.000000,0.000000,False,dormant
staffy/EDwin,C,0.000000,0.800000,0.000000,False,0.358892,0.000000,0.000000,False,dormant
jamescarr/testdoubles-with-mockito,Java,0.000000,0.720000,0.000000,False,0.002972,0.000000,0.000000,False,dormant
jeffweiss/puppetlabs-nagios,Ruby,0.000000,0.933333,0.000000,False,0.093051,0.000000,0.000000,False,dormant
LouisStAmour/WhoseLine,Ruby,0.000000,0.209302,0.000000,False,0.233209,0.000000,0.000000,False,dormant
toddlucas/ocam,C#,40.000000,0.965517,0.000000,False,0.095335,0.000000,0.000000,True,dormant
sausheong/Utopia2,Ruby,40.000000,1.000000,0.000000,False,0.258824,0.000000,0.000000,True,dormant
kevinPatrickTyler/CPSC330GroupProject,Java,0.000000,1.000000,0.000000,False,0.260946,0.000000,0.000000,False,dormant
JWengert/jw-asteroids-454,C#,0.000000,0.857143,0.000000,False,0.237374,0.000000,0.000000,False,dormant
raywu/tourious_landing,Ruby,0.000000,0.290323,0.000000,False,0.457686,0.000000,0.000000,False,dormant
letronje/trysphinx,Ruby,0.000000,0.290323,0.000000,False,0.364883,0.000000,0.000000,False,dormant
bmish/ActivityMonitor,PHP,0.000000,0.800000,0.000000,False,0.006689,0.000000,0.000000,False,dormant
phpwax/wildfire.media.swf,PHP,0.000000,0.333333,0.000000,False,0.040000,0.000000,0.000000,False,dormant
jclem/ronin-grid,Ruby,20.000000,0.285714,0.000000,False,0.206226,0.000000,0.000000,True,dormant
akabhilash/hr_man,Ruby,0.000000,0.428571,0.000000,False,0.383648,0.000000,0.000000,False,dormant
mcollina/hello-git-2012,Ruby,0.000000,0.000000,0.000000,False,0.000000,0.000000,0.000000,False,dormant
drupal-rio/DrupalCamp-2012,PHP,20.000000,0.389892,0.000000,False,0.433402,0.000000,0.000000,True,dormant
zben/twitter_app,Ruby,0.000000,0.310345,0.000000,False,0.446809,0.000000,0.000000,False,dormant
nixeagle/nop,C++,20.000000,0.625000,0.000000,False,0.250652,0.000000,0.000000,True,dormant
smashcon/forums,PHP,40.000000,0.912541,0.000000,False,0.277644,0.000000,0.000000,True,dormant
michaelcontento/RESTGuardian,Python,40.000000,0.666667,0.000000,False,0.129380,0.000000,0.000000,True,dormant
mwkracht/Project3,C++,0.000000,0.333333,0.000000,False,0.076790,0.000000,0.000000,False,dormant
LAPESI-IFPI/Jazida,Java,0.000000,0.978723,0.000000,False,0.092280,0.000000,0.000000,False,dormant
Pseudonoun/NestorBot,C++,0.000000,1.000000,0.000000,False,0.388718,0.000000,0.000000,False,dormant
oscarCardenas/CaritasEYard,Ruby,0.000000,0.875439,0.000000,False,0.157527,0.000000,0.000000,False,dormant
anguirado/stickidea.com,Ruby,0.000000,0.214286,0.000000,False,0.210653,0.000000,0.000000,False,dormant
haegemon/LostBooks,PHP,0.000000,0.593220,0.000000,False,0.147633,0.000000,0.000000,False,dormant
kevwang29/withRoom,Java,0.000000,0.000000,0.000000,False,0.047222,0.000000,0.000000,False,dormant
PeteProgrammer/WebTestFramework,C#,50.000000,0.888889,0.000000,False,0.053282,0.000000,0.000000,True,dormant
rodkey/sampleapp,Ruby,0.000000,0.542857,0.000000,False,0.291667,0.000000,0.000000,False,dormant
ceilfors/command-reservoir,Python,40.000000,0.714286,0.000000,False,0.117864,0.000000,0.000000,True,dormant
ghdawn/OpenCVStudy,C++,0.000000,0.500000,0.000000,False,0.084388,0.000000,0.000000,False,dormant
Wampie/ohtu-viikko2,Java,0.000000,0.976744,0.000000,False,0.071371,0.000000,0.000000,False,dormant
ffazil/akka-test,Java,0.000000,0.000000,0.000000,False,0.041420,0.000000,0.000000,False,dormant
Libitum/Catkin_CloudSubway,Java,0.000000,0.937500,0.000000,False,0.141215,0.000000,0.000000,False,dormant
Vince57/GL_Projet,Java,0.000000,0.500000,0.000000,False,0.000000,0.000000,0.000000,False,dormant
addyosmani/jQuery-Mobile-TestApp,PHP,0.000000,0.545455,0.000000,False,0.023499,0.000000,0.000000,False,dormant
LoLo57/Projet_GL,Java,0.000000,0.750000,0.000000,False,0.191158,0.000000,0.000000,False,dormant
rodkey/upkeep,Ruby,0.000000,0.622807,0.000000,False,0.172799,0.000000,0.000000,False,dormant
qipeng/Java-RL-Parser-Generator,Java,0.000000,1.000000,0.000000,False,0.009777,0.000000,0.000000,False,dormant
hareeshganesan/Vooga,Java,40.000000,0.951872,0.000000,False,0.132619,0.000000,0.000000,True,dormant
jujaga/CSC-464,C,50.000000,1.000000,0.000000,False,0.077049,0.000000,0.000000,True,dormant
nemec/Examinator,C#,0.000000,0.750000,0.000000,False,0.173116,0.000000,0.000000,False,dormant
aresb/LES.JMS.IS-303,Java,0.000000,0.444444,0.000000,False,0.144972,0.000000,0.000000,False,dormant
mogade/mogade-windowsphone,C#,40.000000,0.777778,0.000000,False,0.327692,0.000000,0.000000,True,dormant
crazy2k/tp-arq,C++,0.000000,1.000000,0.000000,False,0.079639,0.000000,0.000000,False,dormant
bahmanm/restful-sample,Python,40.000000,0.857143,0.000000,False,0.135151,0.000000,0.000000,True,dormant
drnic/picasa_plucker,Ruby,0.000000,0.500000,0.000000,False,0.048811,0.000000,0.000000,False,dormant
loganturner/Arduino-Adventure-Game,Java,0.000000,0.000000,0.000000,False,0.015504,0.000000,0.000000,False,dormant
melpomene/Berlin-Books,Python,0.000000,1.000000,0.000000,False,0.155208,0.000000,0.000000,False,dormant
volftomas/Inspector,Python,0.000000,0.750000,0.000000,False,0.115756,0.000000,0.000000,False,dormant
gavbaa/placecorg,Python,0.000000,0.918367,0.000000,False,0.295380,0.000000,0.000000,False,dormant
datasulis/bath-nhs,Ruby,20.000000,0.333333,0.000000,False,0.034783,0.000000,0.000000,True,dormant
Roboforce/Self-Balancing-Scooter,Java,0.000000,0.777778,0.000000,False,0.235659,0.000000,0.000000,False,dormant
arunphilip03/LOMS,Java,0.000000,0.789474,0.000000,False,0.139762,0.000000,0.000000,False,dormant
mracapri/website-spring-valledelbit,Java,0.000000,0.791667,0.000000,False,0.147694,0.000000,0.000000,False,dormant
qapplzz/wallback1,Java,40.000000,0.846154,0.000000,False,0.288953,0.000000,0.000000,True,dormant
dhefetz/RideOnWeb,Python,0.000000,0.300000,0.000000,False,0.216216,0.000000,0.000000,False,dormant
zzorro/SYDE322Server4a,Ruby,0.000000,0.164557,0.000000,False,0.267792,0.000000,0.000000,False,dormant
Jaggrat-Singh/mysample,Java,0.000000,0.400000,0.000000,False,0.150794,0.000000,0.000000,False,dormant
dattaparad/Dictionary,PHP,0.000000,0.333333,0.000000,False,0.171406,0.000000,0.000000,False,dormant
LAPESI-IFPI/projetorest,Java,30.000000,0.312500,0.000000,False,0.055429,0.000000,0.000000,True,dormant
chowells79/d,C,0.000000,0.000000,0.000000,False,0.000000,0.000000,0.000000,False,dormant
kcunning/Fab-for-All,Python,0.000000,1.000000,0.000000,False,0.002801,0.000000,0.000000,False,dormant
michaelzeng145/ECE456,Java,0.000000,0.166667,0.000000,False,0.159722,0.000000,0.000000,False,dormant
ebroder/anygit,Python,40.000000,0.823529,0.000000,False,0.080439,0.000000,0.000000,True,dormant
corix010/auth_test,Ruby,0.000000,0.160714,0.000000,False,0.403785,0.000000,0.000000,False,dormant
Bojiong/nc-classifier-int,Ruby,0.000000,1.000000,0.000000,False,0.355030,0.000000,0.000000,False,dormant
jackrabbit/acts_as_ranged,Ruby,30.000000,0.571429,0.000000,False,0.265487,0.000000,0.000000,True,dormant
squiggy/pma-website,PHP,20.000000,0.226164,0.000000,False,0.400360,0.000000,0.000000,True,dormant
AdamSaleh/TestParser,Java,0.000000,1.000000,0.000000,False,0.050512,0.000000,0.000000,False,dormant
stanace/FHealth,Java,0.000000,0.956522,0.000000,False,0.116643,0.000000,0.000000,False,dormant
mroloux/MobileCollective,Java,0.000000,0.875000,0.000000,False,0.054355,0.000000,0.000000,False,dormant
KACAH/TabWizard,Java,0.000000,0.901961,0.000000,False,0.236730,0.000000,0.000000,False,dormant
stanislaw374/HumorLine,Ruby,0.000000,0.142857,0.000000,False,0.317739,0.000000,0.000000,False,dormant
dkoul2000/EECS395-GameEngines,C#,0.000000,0.916667,0.000000,False,0.250160,0.000000,0.000000,False,dormant
fuel-packages/fuel-is_email,PHP,50.000000,0.750000,0.000000,False,0.137804,0.000000,0.000000,True,dormant
fabiofumarola/AdvancedTree,Java,0.000000,0.882353,0.000000,False,0.404869,0.000000,0.000000,False,dormant
zstumgoren/gaspcontribs,Python,0.000000,1.000000,0.000000,False,0.203518,0.000000,0.000000,False,dormant
chibber/Ohjelmoinnin-harjoitusty-,Java,0.000000,0.875000,0.000000,False,0.141932,0.000000,0.000000,False,dormant
ferraguti/WSEDT,Java,40.000000,0.684685,0.000000,False,0.156777,0.000000,0.000000,True,dormant
fogle/Sample-Rails-Application,Ruby,0.000000,0.321429,0.000000,False,0.344549,0.000000,0.000000,False,dormant
monofuel/lab-6,Java,0.000000,0.600000,0.000000,False,0.191023,0.000000,0.000000,False,dormant
tehsven/BeerFinder,Java,0.000000,0.933333,0.000000,False,0.081206,0.000000,0.000000,False,dormant
d4nshields/CakePHP-Icing,PHP,20.000000,0.513514,0.000000,False,0.263223,0.000000,0.000000,True,dormant
BanTheRewind/Cinder-Emotiv,C++,0.000000,1.000000,0.000000,False,0.353659,0.000000,0.000000,False,dormant
corix010/cancan_test,Ruby,0.000000,0.240741,0.000000,False,0.198525,0.000000,0.000000,False,dormant
yangsquared/HyperThing,Python,0.000000,0.500000,0.000000,False,0.069738,0.000000,0.000000,False,dormant
platform45/easy_roles,Ruby,0.000000,0.363636,0.000000,False,0.023511,0.000000,0.000000,False,dormant
kostya521/Java,Java,0.000000,1.000000,0.000000,False,0.233447,0.000000,0.000000,False,dormant
eklitzke/thread-bench,C++,0.000000,0.000000,0.000000,False,0.045455,0.000000,0.000000,False,dormant
ChristofferJon/pacmanhorror,C,0.000000,0.485714,0.000000,False,0.222752,0.000000,0.000000,False,dormant
dashmin/dashmin-heroku,Ruby,0.000000,0.000000,0.000000,False,0.000000,0.000000,0.000000,False,dormant
eashwar4/DocumentEngineering,C#,0.000000,0.555556,0.000000,False,0.099123,0.000000,0.000000,False,dormant
kunaldes/autoboss,Java,0.000000,1.000000,0.000000,False,0.100927,0.000000,0.000000,False,dormant
reconbot/wp-stripe-advanced,PHP,0.000000,0.914286,0.000000,False,0.091591,0.000000,0.000000,False,dormant
cedrick/singtel-sales-tracker,PHP,0.000000,0.777108,0.000000,False,0.280981,0.000000,0.000000,False,dormant
lexs/APK,Java,0.000000,0.875000,0.000000,False,0.025132,0.000000,0.000000,False,dormant
CraftHUD/CraftHUD,Java,40.000000,0.944444,0.000000,False,0.203077,0.000000,0.000000,True,dormant
dintskirveli/EncoderRing,Java,0.000000,1.000000,0.000000,False,0.122353,0.000000,0.000000,False,dormant
drgnrave/Dominion-Planner,Python,0.000000,0.826923,0.000000,False,0.022715,0.000000,0.000000,False,dormant
fcdsilva/DimStore,Ruby,0.000000,0.243902,0.000000,False,0.297853,0.000000,0.000000,False,dormant
imaveek/SensorFly,C++,40.000000,0.831461,0.000000,False,0.285362,0.000000,0.000000,True,dormant
EvilRenegade/Gauge-Support,PHP,20.000000,0.250000,0.000000,False,0.204738,0.000000,0.000000,True,dormant
piyush-nimbalkar/github-mobile,Ruby,0.000000,0.428571,0.000000,False,0.547558,0.000000,0.000000,False,dormant
pantaloons/Sudoken,Java,0.000000,1.000000,0.000000,False,0.287396,0.000000,0.000000,False,dormant
jarikos/OHTU-vko3,Java,0.000000,1.000000,0.000000,False,0.037037,0.000000,0.000000,False,dormant
LightInMotion/libusb,C,40.000000,0.740741,0.000000,False,0.280316,0.000000,0.000000,True,dormant
jeffreyliu/InfiniteMonkeysGA,C++,0.000000,1.000000,0.000000,False,0.127782,0.000000,0.000000,False,dormant
es4j/es4j-sample-eventstore,Java,0.000000,0.714286,0.000000,False,0.117647,0.000000,0.000000,False,dormant
livia1111/Nico,C,20.000000,0.250000,0.000000,False,0.056738,0.000000,0.000000,True,dormant
Goeleven/Goeleven.Windows8,C#,0.000000,0.769231,0.000000,False,0.132501,0.000000,0.000000,False,dormant
Thibault-BN/IHM,C++,0.000000,1.000000,0.000000,False,0.084238,0.000000,0.000000,False,dormant
cdsengineers/2012_robot_code,Java,0.000000,1.000000,0.000000,False,0.106808,0.000000,0.000000,False,dormant
mwienk-school/SOA-S2,Java,40.000000,0.780952,0.000000,False,0.218486,0.000000,0.000000,True,dormant
djustins/apiapp,Ruby,0.000000,0.409091,0.000000,False,0.392157,0.000000,0.000000,False,dormant
halhelms/testing-ofers,Ruby,0.000000,0.244444,0.000000,False,0.275072,0.000000,0.000000,False,dormant
dtx/VOIP4Musicians,Python,0.000000,1.000000,0.000000,False,0.185882,0.000000,0.000000,False,dormant
utgarda/tapescroller,Java,0.000000,0.333333,0.000000,False,0.022222,0.000000,0.000000,False,dormant
uberspot/OpenWifiStatistics-web,PHP,40.000000,0.785714,0.000000,False,0.029216,0.000000,0.000000,True,dormant
rbwestmoreland/Hyde,C#,40.000000,0.733333,0.000000,False,0.024266,0.000000,0.000000,True,dormant
dmodi/work,C,0.000000,0.166667,0.000000,False,0.078652,0.000000,0.000000,False,dormant
disbelief/penzu-rg3-bcrypt,C,0.000000,0.857143,0.000000,False,0.104904,0.000000,0.000000,False,dormant
shairontoledo/rghost-barcode,Ruby,0.000000,0.714286,0.000000,False,0.191257,0.000000,0.000000,False,dormant
jhubert/iparty,Ruby,0.000000,0.258621,0.000000,False,0.360031,0.000000,0.000000,False,dormant
shuqunzhang/cs160_APK,C#,0.000000,0.864583,0.000000,False,0.104078,0.000000,0.000000,False,dormant
senechaux/rutino,Java,40.000000,0.951220,0.000000,False,0.104516,0.000000,0.000000,True,dormant
thwarted/inskribe,Python,0.000000,0.000000,0.000000,False,0.254464,0.000000,0.000000,False,dormant
kushpatel72/grabbag,Ruby,30.000000,0.417910,0.000000,False,0.159468,0.000000,0.000000,True,dormant
tdubourg/TPThread,C,0.000000,0.500000,0.000000,False,0.394758,0.000000,0.000000,False,dormant
denstark/clisonic-php,PHP,0.000000,1.000000,0.000000,False,0.090807,0.000000,0.000000,False,dormant
nolanblew/workorder_local,Ruby,0.000000,0.236842,0.000000,False,0.166738,0.000000,0.000000,False,dormant
pjakubczyk/polidea_school,C++,0.000000,0.409639,0.000000,False,0.065102,0.000000,0.000000,False,dormant
tguyn/CS499Android,Java,40.000000,0.913043,0.000000,False,0.313824,0.000000,0.000000,True,dormant
ali1dc/g-store,Java,0.000000,0.882353,0.000000,False,0.158765,0.000000,0.000000,False,dormant
mloar/charset,C,50.000000,0.823529,0.000000,False,0.057203,0.000000,0.000000,True,dormant
JeremySkinner/Staticity,C#,50.000000,0.882353,0.000000,False,0.005437,0.000000,0.000000,True,dormant
verecahill/first_app,Ruby,0.000000,0.500000,0.000000,False,0.358209,0.000000,0.000000,False,dormant
RexMorgan/Heliocentricity,C#,50.000000,0.840000,0.000000,False,0.005157,0.000000,0.000000,True,dormant
Tamarik/CSCI4100_Spring12,Java,0.000000,0.000000,0.000000,False,0.111538,0.000000,0.000000,False,dormant
iani/rhythmanalysis2,C++,0.000000,1.000000,0.000000,False,0.063689,0.000000,0.000000,False,dormant
lucasperez/exclusive-brazil,Java,0.000000,0.818182,0.000000,False,0.012329,0.000000,0.000000,False,dormant
JelteF/BS,C,0.000000,0.413793,0.000000,False,0.303119,0.000000,0.000000,False,dormant
congyun/CIS-542-Project,Java,0.000000,0.952381,0.000000,False,0.118048,0.000000,0.000000,False,dormant
op-sdo-com/nml,Ruby,0.000000,0.500000,0.000000,False,0.171171,0.000000,0.000000,False,dormant
felixboehm/calender,Ruby,0.000000,0.236842,0.000000,False,0.109211,0.000000,0.000000,False,dormant
Attomsk/EN605.782_Group_Project,Java,0.000000,1.000000,0.000000,False,0.146447,0.000000,0.000000,False,dormant
luonghuy24/question_search,Java,40.000000,1.000000,0.000000,False,0.003588,0.000000,0.000000,True,dormant
topicus/SocialSuaci,Python,0.000000,0.500000,0.000000,False,0.166292,0.000000,0.000000,False,dormant
yogisofiharja/sipa,PHP,40.000000,0.791908,0.000000,False,0.445214,0.000000,0.000000,True,dormant
ephexeve/DeepSecurity,Python,0.000000,0.571429,0.000000,False,0.035088,0.000000,0.000000,False,dormant
philippbosch/ios-css,Ruby,0.000000,0.333333,0.000000,False,0.017361,0.000000,0.000000,False,dormant
longerian/RC4A,Java,50.000000,0.943820,0.000000,False,0.307916,0.000000,0.000000,True,dormant
brunolarosa/JuniorMIAGEConceptiOS,C,0.000000,0.328125,0.000000,False,0.070326,0.000000,0.000000,False,dormant
benn0r/peter-parker,C,0.000000,0.000000,0.000000,False,0.475806,0.000000,0.000000,False,dormant
alexshadie/Test-github,PHP,0.000000,0.500000,0.000000,False,0.000000,0.000000,0.000000,False,dormant
rdenardis1/Vooga,Java,50.000000,0.986667,0.000000,False,0.328263,0.000000,0.000000,True,dormant
mikoyan/FlamePDF,PHP,20.000000,0.029703,0.000000,False,0.246855,0.000000,0.000000,True,dormant
clembruneteau/LocationVideo_BO,Java,0.000000,1.000000,0.000000,False,0.014085,0.000000,0.000000,False,dormant
GLBC1/SecondPhaseTask,C++,0.000000,0.375000,0.000000,False,0.014218,0.000000,0.000000,False,dormant
cedriiic/LocationVideo_WebApp,Java,0.000000,0.900000,0.000000,False,0.024444,0.000000,0.000000,False,dormant
smartwiz/semlab,Java,50.000000,0.962617,0.000000,False,0.107827,0.000000,0.000000,True,dormant
juanm55/credit-tree,Ruby,30.000000,0.310345,0.000000,False,0.103341,0.000000,0.000000,True,dormant
hypnocode/decnumberxx,C,0.000000,0.636364,0.000000,False,0.312477,0.000000,0.000000,False,dormant
sasezaki/php-constellation,C,0.000000,0.500000,0.000000,False,0.282158,0.000000,0.000000,False,dormant
yhangpoon/Activity4,Java,0.000000,1.000000,0.000000,False,0.322971,0.000000,0.000000,False,dormant
Helgius/HelgiusAVR,C++,40.000000,0.904762,0.000000,False,0.276158,0.000000,0.000000,True,dormant
carlosdemarco/LivroAndroidCap02,Java,0.000000,0.333333,0.000000,False,0.071429,0.000000,0.000000,False,dormant
carlito54/Caylus,Java,0.000000,0.631579,0.000000,False,0.026316,0.000000,0.000000,False,dormant
coffeeMembers/SEA,Java,0.000000,1.000000,0.000000,False,0.022167,0.000000,0.000000,False,dormant
Scatchell/WordCounterSentenceGenerator,Java,0.000000,1.000000,0.000000,False,0.023411,0.000000,0.000000,False,dormant
designability/designability.github.com,Ruby,0.000000,0.250000,0.000000,False,0.194489,0.000000,0.000000,False,dormant
maestropanel/MaestroPanelApi_CSharp_Sample,C#,0.000000,0.600000,0.000000,False,0.114495,0.000000,0.000000,False,dormant
pgostation/HyperZebra,Java,20.000000,0.148936,0.000000,False,0.117087,0.000000,0.000000,True,dormant
Talon876/BuildGamePlugin,Java,0.000000,1.000000,0.000000,False,0.048170,0.000000,0.000000,False,dormant
jholson/15-437-Final-Project,Java,0.000000,1.000000,0.000000,False,0.230805,0.000000,0.000000,False,dormant
NerdsWBNerds/Empires,Java,0.000000,1.000000,0.000000,False,0.025532,0.000000,0.000000,False,dormant
pwmorgan/TestWebView,Java,0.000000,,,,,,,,
cadobongda/livebet,Java,20.000000,0.000000,0.000000,False,0.217391,0.000000,0.000000,True,dormant
s0lstice/oculometre,C++,0.000000,0.933333,0.000000,False,0.260427,0.000000,0.000000,False,dormant
slashrsm/QtMCTS,C++,40.000000,0.940000,0.000000,False,0.239823,0.000000,0.000000,True,dormant
mmochan/codestruct,Ruby,0.000000,0.346154,0.000000,False,0.211613,0.000000,0.000000,False,dormant
UnderGear/AuRalSite,Ruby,0.000000,0.194444,0.000000,False,0.064554,0.000000,0.000000,False,dormant
bonkydog/whyaretherehelicoptersoutside.com,Ruby,0.000000,0.333333,0.000000,False,0.387931,0.000000,0.000000,False,dormant
munkhbayarit/Airplaneshooter,Java,0.000000,1.000000,0.000000,False,0.092593,0.000000,0.000000,False,dormant
sd5/PVPLogger,Java,0.000000,1.000000,0.000000,False,0.013158,0.000000,0.000000,False,dormant
jcs/itrc,C,20.000000,0.062500,0.000000,False,0.458738,0.000000,0.000000,True,dormant
fpaula/estudos,Ruby,0.000000,0.236842,0.000000,False,0.226473,0.000000,0.000000,False,dormant
tzwaan/besturingssystemen,C,0.000000,,,,,,,,
RicoP/CPP4Java,C++,0.000000,0.970588,0.000000,False,0.078517,0.000000,0.000000,False,dormant
wellinformed/dalstondigital,Ruby,0.000000,0.450000,0.000000,False,0.045967,0.000000,0.000000,False,dormant
DuBistKomisch/dreazmspark-tms,Java,0.000000,0.500000,0.000000,False,0.187050,0.000000,0.000000,False,dormant
jkindle88/4496p3,C++,0.000000,0.950000,0.000000,False,0.094441,0.000000,0.000000,False,dormant
xiangli91/database,Java,0.000000,0.041667,0.000000,False,0.145401,0.000000,0.000000,False,dormant
fish-guts/simuchute,Java,0.000000,0.555556,0.000000,False,0.185757,0.000000,0.000000,False,dormant
jmp0207/w3studiocms,PHP,40.000000,0.780269,0.000000,False,0.241035,0.000000,0.000000,True,dormant
rcuyegkeng/proto1,Ruby,0.000000,0.313725,0.000000,False,0.188251,0.000000,0.000000,False,dormant
medinadato/project,PHP,0.000000,0.979632,0.000000,False,0.325836,0.000000,0.000000,False,dormant
mikejoseph/cav-daily-template,PHP,40.000000,0.916667,0.000000,False,0.074585,0.000000,0.000000,True,dormant
schnej7/errspeak,C,0.000000,0.500000,0.000000,False,0.000000,0.000000,0.000000,False,dormant
SarahLeopold/KinectTennisV2,C#,0.000000,0.714286,0.000000,False,0.189787,0.000000,0.000000,False,dormant
joaodubas/django_brasil,Python,0.000000,0.222222,0.000000,False,0.078212,0.000000,0.000000,False,dormant
jeherve/WP-Facebook-applications,PHP,20.000000,0.600000,0.000000,False,0.363360,0.000000,0.000000,True,dormant
erwinokken/FtpSync,C#,0.000000,0.818182,0.000000,False,0.189039,0.000000,0.000000,False,dormant
tu-vu-duy/exo-ks,Java,50.000000,0.971264,0.000000,False,0.133275,0.000000,0.000000,True,dormant
snktagarwal/IRN,Python,0.000000,0.882353,0.000000,False,0.002578,0.000000,0.000000,False,dormant
AndrejSlapnik/FERI-Praktikum,C#,0.000000,0.437500,0.000000,False,0.108913,0.000000,0.000000,False,dormant
minasabb/MultipleItemSelectorCustomControl,C#,0.000000,0.538462,0.000000,False,0.114928,0.000000,0.000000,False,dormant
ctrl-f5/Zend-Framework-ServiceLayer,PHP,0.000000,0.988948,0.000000,False,0.314214,0.000000,0.000000,False,dormant
jayridge/smtprelaytornado,Python,0.000000,0.600000,0.000000,False,0.013072,0.000000,0.000000,False,dormant
wushenshen/Hey-Sister,PHP,0.000000,,,,,,,,
bguerout/keemto,Java,50.000000,0.963964,0.000000,False,0.166978,0.000000,0.000000,True,dormant
Rainbowdashie/Computer-Science,Java,0.000000,0.200000,0.000000,False,0.076730,0.000000,0.000000,False,dormant
karateboy99/Repository1,Java,0.000000,0.500000,0.000000,False,0.000000,0.000000,0.000000,False,dormant
shaileev/Project1,Java,0.000000,0.500000,0.000000,False,0.250000,0.000000,0.000000,False,dormant
markalanj/CommandLine,C++,0.000000,0.000000,0.000000,False,0.255319,0.000000,0.000000,False,dormant
PavelTyk/vchat,Ruby,0.000000,0.129032,0.000000,False,0.286670,0.000000,0.000000,False,dormant
kumu/headcount,Ruby,50.000000,0.674419,0.000000,False,0.281385,0.000000,0.000000,True,dormant
mwmardis/ants,Java,0.000000,0.857143,0.000000,False,0.273585,0.000000,0.000000,False,dormant
clemens/i18n_demo_app,Ruby,50.000000,0.864130,0.000000,False,0.241792,0.000000,0.000000,True,dormant
radman/evayin,Ruby,0.000000,0.214286,0.000000,False,0.335414,0.000000,0.000000,False,dormant
tomjoad/workutils,Ruby,0.000000,0.300000,0.000000,False,0.308411,0.000000,0.000000,False,dormant
maparrar/devices3d,Java,40.000000,0.863636,0.000000,False,0.316060,0.000000,0.000000,True,dormant
frnknglrt/AlarmTool,Python,40.000000,0.800000,0.000000,False,0.391670,0.000000,0.000000,True,dormant
hajratwz/secret-us,Ruby,0.000000,0.428571,0.000000,False,0.382075,0.000000,0.000000,False,dormant
edwinbs/linux-edlp,C++,0.000000,0.800000,0.000000,False,0.046636,0.000000,0.000000,False,dormant
TheExecutive/XcuseMe,PHP,40.000000,0.741935,0.000000,False,0.377186,0.000000,0.000000,True,dormant
alexwebck/ZF,PHP,0.000000,0.285714,0.000000,False,0.204259,0.000000,0.000000,False,dormant
tarnfeld/How-To-Push,PHP,0.000000,1.000000,0.000000,False,0.229412,0.000000,0.000000,False,dormant
hchuynh/3e3e3e,PHP,40.000000,0.935015,0.000000,False,0.242842,0.000000,0.000000,True,dormant
cnxiaoma/android_getweather,Java,0.000000,0.250000,0.000000,False,0.058201,0.000000,0.000000,False,dormant
henriquegemignani/concorrente-ep1,C,0.000000,0.500000,0.000000,False,0.094755,0.000000,0.000000,False,dormant
mfondo/mcarp,C,0.000000,0.000000,0.000000,False,0.041096,0.000000,0.000000,False,dormant
poljpocket/processscheduling_2012,Java,0.000000,1.000000,0.000000,False,0.467236,0.000000,0.000000,False,dormant
Go-zen-chu/ReceiptRecorder,Python,0.000000,0.250000,0.000000,False,0.174257,0.000000,0.000000,False,dormant
mission/Urt-Admin-Web-Interface,PHP,20.000000,0.500000,0.000000,False,0.095593,0.000000,0.000000,True,dormant
jokoso/StrAlg,C++,0.000000,1.000000,0.000000,False,0.156780,0.000000,0.000000,False,dormant
jackculpepper/enceval,C,0.000000,0.904762,0.000000,False,0.251879,0.000000,0.000000,False,dormant
eklitzke/e,Python,20.000000,0.555556,0.000000,False,0.294870,0.000000,0.000000,True,dormant
EugenMayer/enable_chiliproject_modules,Ruby,20.000000,0.000000,0.000000,False,0.142857,0.000000,0.000000,True,dormant
layervault/target_practice,Ruby,0.000000,0.500000,0.000000,False,0.000000,0.000000,0.000000,False,dormant
RicoP/dcpu16,C++,0.000000,0.333333,0.000000,False,0.024590,0.000000,0.000000,False,dormant
vangberg/couchchanges,Ruby,0.000000,0.800000,0.000000,False,0.003460,0.000000,0.000000,False,dormant
lmjabreu/expensify-client,PHP,0.000000,,,,,,,,
dg/texy-editor,PHP,20.000000,0.357143,0.000000,False,0.208575,0.000000,0.000000,True,dormant
Zethex/CSSE3004-Nokia-Sprint-Zero,C++,40.000000,0.964286,0.000000,False,0.177107,0.000000,0.000000,True,dormant
MostAwesomeDude/cancer,Python,0.000000,0.000000,0.000000,False,0.376623,0.000000,0.000000,False,dormant
romeo14/pow,PHP,20.000000,0.561507,0.000000,False,0.163424,0.000000,0.000000,True,dormant
junchaohua/Mo_Ro_3,C,0.000000,0.500000,0.000000,False,0.214190,0.000000,0.000000,False,dormant
adamantivm/railwatch,Python,0.000000,0.500000,0.000000,False,0.166667,0.000000,0.000000,False,dormant
daisy12321/Pipeline,Java,0.000000,1.000000,0.000000,False,0.320900,0.000000,0.000000,False,dormant
cfsfirey/Australian-Life-V3,C++,0.000000,0.909091,0.000000,False,0.021173,0.000000,0.000000,False,dormant
trun/redux,Python,20.000000,0.600000,0.000000,False,0.151057,0.000000,0.000000,True,dormant
vivrass/montrealrb_contest,Ruby,0.000000,0.195652,0.000000,False,0.380603,0.000000,0.000000,False,dormant
mavenlink/morlock,Ruby,10.000000,0.625000,0.000000,False,0.000000,0.000000,0.000000,True,dormant
brucebrannan/tryrubytutorial,Ruby,0.000000,0.071429,0.000000,False,0.480000,0.000000,0.000000,False,dormant
gregpardo/edunation-opencart,PHP,20.000000,0.610938,0.000000,False,0.067758,0.000000,0.000000,True,dormant
corix010/xml_test,Ruby,0.000000,0.264706,0.000000,False,0.223652,0.000000,0.000000,False,dormant
joaosoares/3D-Snake,Python,0.000000,0.000000,0.000000,False,0.205479,0.000000,0.000000,False,dormant
totorogg/douban.fm-desktop,Python,0.000000,1.000000,0.000000,False,0.297904,0.000000,0.000000,False,dormant
Kontakter/iTunesLoader,Python,0.000000,1.000000,0.000000,False,0.066116,0.000000,0.000000,False,dormant
pachacamac/kreachers,Ruby,0.000000,0.000000,0.000000,False,0.015873,0.000000,0.000000,False,dormant
jameswilson281/Swords-And-Sorcery-Plugin,Java,0.000000,0.866667,0.000000,False,0.167458,0.000000,0.000000,False,dormant
redvox/itsp,Java,0.000000,0.666667,0.000000,False,0.077485,0.000000,0.000000,False,dormant
caelum/relata,Ruby,50.000000,0.772727,0.000000,False,0.043320,0.000000,0.000000,True,dormant
dbieber/Dots,Java,0.000000,1.000000,0.000000,False,0.077944,0.000000,0.000000,False,dormant
owenphen/Gradify,Python,0.000000,0.000000,0.000000,False,0.000000,0.000000,0.000000,False,dormant
micahlmartin/WikipediaMaze,C#,40.000000,0.921875,0.000000,False,0.153515,0.000000,0.000000,True,dormant
spektral/Destination-Haven,Java,0.000000,1.000000,0.000000,False,0.056818,0.000000,0.000000,False,dormant
paletas/YambaPDM,Java,0.000000,0.984375,0.000000,False,0.025316,0.000000,0.000000,False,dormant
Eszty/Taalmodellen,Java,0.000000,1.000000,0.000000,False,0.242734,0.000000,0.000000,False,dormant
vivekn/xetcog,Python,0.000000,,,,,,,,
hamishtaplin/GravityFrameworkWP,PHP,20.000000,0.190476,0.000000,False,0.257496,0.000000,0.000000,True,dormant
esconie/ShopaholixServer,Java,0.000000,0.750000,0.000000,False,0.128205,0.000000,0.000000,False,dormant
aj00200/x10comp,Python,20.000000,0.625000,0.000000,False,0.127753,0.000000,0.000000,True,dormant
ruthcfong/CS51-Project,Java,0.000000,0.714286,0.000000,False,0.461353,0.000000,0.000000,False,dormant
samsoir/kswift,C,20.000000,0.500000,0.000000,False,0.303738,0.000000,0.000000,True,dormant
boscomonkey/jsogen,Ruby,20.000000,0.000000,0.000000,False,0.077381,0.000000,0.000000,True,dormant
chrisboyce/CUESAMobile,Java,0.000000,0.827586,0.000000,False,0.026626,0.000000,0.000000,False,dormant
railscasts/158-factories-not-fixtures-revised,Ruby,0.000000,0.315789,0.000000,False,0.325611,0.000000,0.000000,False,dormant
bazo/YQL-PHP-library,PHP,40.000000,1.000000,0.000000,False,0.401747,0.000000,0.000000,True,dormant
tnais/ovf4one,Java,40.000000,0.883721,0.000000,False,0.550020,0.000000,0.000000,True,dormant
hdznrrd/noiseplug,C,0.000000,1.000000,0.000000,False,0.091691,0.000000,0.000000,False,dormant
mbarrenecheajr/jmendeley,Java,0.000000,0.945455,0.000000,False,0.287998,0.000000,0.000000,False,dormant
dv10/docs_app,Ruby,0.000000,0.000000,0.000000,False,0.142857,0.000000,0.000000,False,dormant
jexhson/smash,Java,0.000000,0.903226,0.000000,False,0.015309,0.000000,0.000000,False,dormant
hywq3857/2103final,C#,0.000000,0.913043,0.000000,False,0.065752,0.000000,0.000000,False,dormant
Kajtek/OINGE,C++,40.000000,0.750000,0.000000,False,0.384328,0.000000,0.000000,True,dormant
wolfbyte/mef-sandbox,C#,0.000000,0.731034,0.000000,False,0.102239,0.000000,0.000000,False,dormant
fxdemolisher/frano,Python,20.000000,0.562500,0.000000,False,0.149697,0.000000,0.000000,True,dormant
uttarasridhar/PNU-BackChannelApp,Ruby,0.000000,0.191489,0.000000,False,0.176005,0.000000,0.000000,False,dormant
tas64/interactive_map,Python,0.000000,0.611111,0.000000,False,0.187500,0.000000,0.000000,False,dormant
fedefrappi/MontePacMan,Java,0.000000,0.978261,0.000000,False,0.019417,0.000000,0.000000,False,dormant
bugrakaan/gem.pouch.android,Java,0.000000,1.000000,0.000000,False,0.011111,0.000000,0.000000,False,dormant
RevenantX/easymount,Python,0.000000,0.750000,0.000000,False,0.096823,0.000000,0.000000,False,dormant
sroysf/webapp-springmvc-jpa-hibernate,Java,0.000000,1.000000,0.000000,False,0.037094,0.000000,0.000000,False,dormant
akashmehra/imagefilters,C,0.000000,0.571429,0.000000,False,0.129528,0.000000,0.000000,False,dormant
jgnguyen/serve,Java,0.000000,0.909091,0.000000,False,0.029523,0.000000,0.000000,False,dormant
RAMPKORV/Grobin,C++,0.000000,0.000000,0.000000,False,0.411765,0.000000,0.000000,False,dormant
mattm91/SkeletalTrackingProject,C#,0.000000,0.714286,0.000000,False,0.140891,0.000000,0.000000,False,dormant
anurse/PS-Get,C#,50.000000,0.898551,0.000000,False,0.016789,0.000000,0.000000,True,dormant
barthez/letters-recognition-nn,Python,0.000000,1.000000,0.000000,False,0.133739,0.000000,0.000000,False,dormant
Pentestify/simple_network_tools,Ruby,0.000000,0.714286,0.000000,False,0.058824,0.000000,0.000000,False,dormant
frickx/PHP-Projects,PHP,0.000000,0.052632,0.000000,False,0.072531,0.000000,0.000000,False,dormant
amm385/POS,Python,0.000000,0.888889,0.000000,False,0.140741,0.000000,0.000000,False,dormant
geenux/StartRacing,Java,0.000000,0.940000,0.000000,False,0.000917,0.000000,0.000000,False,dormant
DarkStorm652/DarkScripts,Java,0.000000,0.833333,0.000000,False,0.000000,0.000000,0.000000,False,dormant
lamdt/Voan-YoYo,PHP,20.000000,0.576616,0.000000,False,0.143257,0.000000,0.000000,True,dormant
FengShang/ut_light,Python,0.000000,1.000000,0.000000,False,0.019355,0.000000,0.000000,False,dormant
kevindeng/cs111lab1,C,0.000000,0.875000,0.000000,False,0.096902,0.000000,0.000000,False,dormant
sminnee/examplecrm,PHP,0.000000,0.222222,0.000000,False,0.000000,0.000000,0.000000,False,dormant
pedrotanaka/CS160-Final-Project,C#,0.000000,0.538462,0.000000,False,0.096786,0.000000,0.000000,False,dormant
mukulpanchal/ReachOut-VMAD,Ruby,30.000000,0.381818,0.000000,False,0.297074,0.000000,0.000000,True,dormant
AdrienLH/Automate,Java,0.000000,0.818182,0.000000,False,0.157847,0.000000,0.000000,False,dormant
smas036/ImageJ,Java,0.000000,0.996979,0.000000,False,0.104032,0.000000,0.000000,False,dormant
raduady/Lexicrawler,Python,40.000000,0.899522,0.000000,False,0.258172,0.000000,0.000000,True,dormant
ipcaldwell/Inkscape-web,Python,0.000000,0.550000,0.000000,False,0.050066,0.000000,0.000000,False,dormant
jesushernandez/gapp_dfs,Java,20.000000,0.555556,0.000000,False,0.334021,0.000000,0.000000,True,dormant
jellybob/vowessly_article,Ruby,0.000000,0.000000,0.000000,False,0.000000,0.000000,0.000000,False,dormant
ilarrain/android_device_samsung_galaxyace,C,20.000000,0.285714,0.000000,False,0.151904,0.000000,0.000000,True,dormant
kellabyte/Elasticity,C#,50.000000,0.794872,0.000000,False,0.053138,0.000000,0.000000,True,dormant
jsl/georuby,Ruby,50.000000,0.884615,0.000000,False,0.077112,0.000000,0.000000,True,dormant
mambaru/btp-daemon,C++,40.000000,0.867769,0.000000,False,0.192115,0.000000,0.000000,True,dormant
halles/faqwomen-kicker,PHP,0.000000,0.500000,0.000000,False,0.166667,0.000000,0.000000,False,dormant
matthiaslee/Xmatch,C++,40.000000,0.850000,0.000000,False,0.124853,0.000000,0.000000,True,dormant
asprowlfuller/Sabre,C#,0.000000,0.615385,0.000000,False,0.151013,0.000000,0.000000,False,dormant
et-plugins/et-live-links,Python,20.000000,0.500000,0.000000,False,0.034783,0.000000,0.000000,True,dormant
frontino/vini,Ruby,0.000000,0.136364,0.000000,False,0.418519,0.000000,0.000000,False,dormant
fatality/Bank,Java,0.000000,1.000000,0.000000,False,0.434844,0.000000,0.000000,False,dormant
hnprashanth/spree-magiczoomplus,Ruby,30.000000,0.100000,0.000000,False,0.283784,0.000000,0.000000,True,dormant
cyberchimps/DroidPress-Pro,PHP,20.000000,0.021739,0.000000,False,0.116604,0.000000,0.000000,True,dormant
hackternoon/marks4us,Ruby,0.000000,0.627737,0.000000,False,0.275067,0.000000,0.000000,False,dormant
missinglink/Kava,PHP,0.000000,0.814815,0.000000,True,0.027014,0.000000,0.000000,False,dormant
VasoBolkvadze/DEA,C#,0.000000,0.913043,0.000000,False,0.000142,0.000000,0.000000,False,dormant
zamuro/itrack,PHP,0.000000,0.548387,0.000000,False,0.001048,0.000000,0.000000,False,dormant
nicoz/dynaforms,Ruby,0.000000,0.428571,0.000000,False,0.385103,0.000000,0.000000,False,dormant
JoeCarvalho/MinhaLista,Java,0.000000,0.500000,0.000000,False,0.021875,0.000000,0.000000,False,dormant
inaiat/jqplot4java-sample,Java,20.000000,0.000000,0.000000,False,0.267372,0.000000,0.000000,True,dormant
minus-development/MinusAPI,Python,40.000000,1.000000,0.000000,False,0.204280,0.000000,0.000000,True,dormant
geominion/GetDirectEd,Java,0.000000,0.838710,0.000000,False,0.198206,0.000000,0.000000,False,dormant
steuben/RaidIsland,C++,0.000000,0.857143,0.000000,False,0.050420,0.000000,0.000000,False,dormant
kennedimalheiros/LivroCaixa,Java,0.000000,0.333333,0.000000,False,0.166667,0.000000,0.000000,False,dormant
ricco24/TeamProject,PHP,40.000000,0.947917,0.000000,False,0.329817,0.000000,0.000000,True,dormant
hackternoon/node4us,Ruby,0.000000,0.428571,0.000000,False,0.576419,0.000000,0.000000,False,dormant
jpike/cs4496-final,C++,50.000000,0.854167,0.000000,False,0.190016,0.000000,0.000000,True,dormant
CharlieCorner/Firenze,Java,0.000000,0.900000,0.000000,False,0.209511,0.000000,0.000000,False,dormant
lunks/wargame2,Ruby,0.000000,0.409091,0.000000,False,0.392157,0.000000,0.000000,False,dormant
kirkhess/Google-Analytics-Event-Analysis,Java,0.000000,0.000000,0.000000,False,0.210526,0.000000,0.000000,False,dormant
pogodan/culturephone,Ruby,0.000000,0.866667,0.000000,False,0.072139,0.000000,0.000000,False,dormant
ss23/diy-streetview,C#,0.000000,,,,,,,,
ustc/pro3,C++,0.000000,0.000000,0.000000,False,0.058511,0.000000,0.000000,False,dormant
zobitobi89/Compiler-Praktikum,C,30.000000,0.359375,0.000000,False,0.184179,0.000000,0.000000,True,dormant
Zanaeira/Spiderweb,Java,50.000000,0.997753,0.000000,False,0.148123,0.000000,0.000000,True,dormant
shurizzle/FAGGUI,C#,0.000000,0.444444,0.000000,False,0.005873,0.000000,0.000000,False,dormant
OpenResearchComputation/LAPDFtext,Java,50.000000,0.936508,0.000000,False,0.012671,0.000000,0.000000,True,dormant
mruas/Generic-DAO,Java,0.000000,1.000000,0.000000,False,0.205128,0.000000,0.000000,False,dormant
mruas/WebCGRD-Admin,Java,0.000000,0.642857,0.000000,False,0.124845,0.000000,0.000000,False,dormant
davidjrice/couchbase-examples-ruby,Ruby,0.000000,0.000000,0.000000,False,0.000000,0.000000,0.000000,False,dormant
mruas/GwtCriteriaMap,Java,0.000000,0.968750,0.000000,False,0.180140,0.000000,0.000000,False,dormant
rwilli/UE2,Java,0.000000,0.857143,0.000000,False,0.122308,0.000000,0.000000,False,dormant
DavidBadura/AdressenVerwaltung,Java,0.000000,1.000000,0.000000,False,0.081212,0.000000,0.000000,False,dormant
sandeepraju/ayana12,PHP,40.000000,0.927711,0.000000,False,0.224881,0.000000,0.000000,True,dormant
mikedavis1983/LearningPython,Python,0.000000,0.027027,0.000000,False,0.108159,0.000000,0.000000,False,dormant
carlosdelfino/Moodle-Enrol_PagSeguro,PHP,20.000000,0.166667,0.000000,False,0.357143,0.000000,0.000000,True,dormant
martinhladil/notebook,Ruby,0.000000,0.281250,0.000000,False,0.047602,0.000000,0.000000,False,dormant
cvega/WWW-RottenTomatoes-Python,Python,20.000000,0.500000,0.000000,False,0.436782,0.000000,0.000000,True,dormant
viswanathgs/reddit-recommender,Java,0.000000,0.900000,0.000000,False,0.177201,0.000000,0.000000,False,dormant
Rekamux/Noise-as-textures,C++,40.000000,0.937500,0.000000,False,0.226624,0.000000,0.000000,True,dormant
epinifrim/Crypta,Python,0.000000,0.571429,0.000000,False,0.126850,0.000000,0.000000,False,dormant
micael/FirstApp,Java,0.000000,0.500000,0.000000,False,0.036082,0.000000,0.000000,False,dormant
lostkhaos/Project2,C++,0.000000,1.000000,0.000000,False,0.092150,0.000000,0.000000,False,dormant
AlexWebr/scan-the-planet,Ruby,0.000000,0.000000,0.000000,False,0.141176,0.000000,0.000000,False,dormant
phyllipecesar/Phone-Finder,Python,0.000000,0.428571,0.000000,False,0.292367,0.000000,0.000000,False,dormant
kentaburlingame/CS425-Final-Project,PHP,0.000000,0.125000,0.000000,False,0.033525,0.000000,0.000000,False,dormant
samuelbritt/CS6210-prj1,C,0.000000,0.906250,0.000000,False,0.250060,0.000000,0.000000,False,dormant
rcoppolo/pair,Ruby,0.000000,0.473684,0.000000,False,0.400300,0.000000,0.000000,False,dormant
arlin13/Analisis-dise-o-sistemas-Patrones,C#,0.000000,0.866667,0.000000,False,0.101066,0.000000,0.000000,False,dormant
maxlebedev/OCDoList,Java,0.000000,,,,,,,,
torbenw/TT2P,Java,0.000000,0.900000,0.000000,False,0.015238,0.000000,0.000000,False,dormant
seunghwan/CMUEvents,Java,0.000000,0.916667,0.000000,False,0.099897,0.000000,0.000000,False,dormant
WouterG/MCClient-Library,C#,0.000000,,,,,,,,
thenuts/boardgamegot,Java,40.000000,0.918367,0.000000,False,0.083761,0.000000,0.000000,True,dormant
Mine-edu/Mine-edu,Java,0.000000,1.000000,0.000000,False,0.005025,0.000000,0.000000,False,dormant
willpots/CS461-HW5,Java,40.000000,1.000000,0.000000,False,0.317025,0.000000,0.000000,True,dormant
Takeda1/Mine_edu,Java,0.000000,0.750000,0.000000,False,0.004367,0.000000,0.000000,False,dormant
dlonie/OpenBabel-BFGS,C,50.000000,0.650980,0.000000,False,0.220424,0.000000,0.000000,True,dormant
leefaus/resurchr,Ruby,0.000000,0.428571,0.000000,False,0.382075,0.000000,0.000000,False,dormant
datablend/mongo-compound-comparison-revisited,Java,0.000000,1.000000,0.000000,False,0.250704,0.000000,0.000000,False,dormant
ElectricAegis/WitsTSPCluster,C++,0.000000,0.951145,0.000000,False,0.453415,0.000000,0.000000,False,dormant
tigerlily/capybara-facebook,Ruby,10.000000,0.421053,0.000000,False,0.000000,0.000000,0.000000,True,dormant
mkrautz/goimport,Python,40.000000,1.000000,0.000000,False,0.130699,0.000000,0.000000,True,dormant
heldersantosmoreira/Remoting-Restaurant,C#,0.000000,0.545455,0.000000,False,0.121455,0.000000,0.000000,False,dormant
wisp558/Grow,Python,0.000000,0.900000,0.000000,False,0.056211,0.000000,0.000000,False,dormant
howech/jruby-flume,Java,40.000000,1.000000,0.000000,False,0.316964,0.000000,0.000000,True,dormant
clybob/Eter,Ruby,0.000000,0.326087,0.000000,False,0.168783,0.000000,0.000000,False,dormant
MarkLeone/PostHaste,C++,50.000000,0.957895,0.000000,False,0.159604,0.000000,0.000000,True,dormant
MatthewOwen01/csc466Lab2,Java,0.000000,1.000000,0.000000,False,0.042194,0.000000,0.000000,False,dormant
karlssonper/cme213b,C++,0.000000,0.769231,0.000000,False,0.152610,0.000000,0.000000,False,dormant
samuel/plume,Python,0.000000,0.518519,0.000000,False,0.097398,0.000000,0.000000,False,dormant
mruas/Pantheon,Java,30.000000,0.313321,0.000000,False,0.153685,0.000000,0.000000,True,dormant
mruas/WebCGRD,Java,40.000000,1.000000,0.000000,False,0.074194,0.000000,0.000000,True,dormant
jchen543/FTP-project,Java,0.000000,0.666667,0.000000,False,0.088889,0.000000,0.000000,False,dormant
SEllert/TestOne,Ruby,0.000000,0.428571,0.000000,False,0.474227,0.000000,0.000000,False,dormant
kakashi116/lab1,C,0.000000,0.800000,0.000000,False,0.148714,0.000000,0.000000,False,dormant
b1naryth1ef/Pygcurse,Python,0.000000,0.000000,0.000000,False,0.175439,0.000000,0.000000,False,dormant
wickedchicken/awesomeX,C,0.000000,0.750000,0.000000,False,0.044643,0.000000,0.000000,False,dormant
abaur/TinfoilP2P,Python,50.000000,0.940000,0.000000,False,0.342834,0.000000,0.000000,True,dormant
fabiozambelli/lr-plugins,Java,40.000000,0.855932,0.000000,False,0.303326,0.000000,0.000000,True,dormant
meyersh/431_project4,C++,0.000000,1.000000,0.000000,False,0.151285,0.000000,0.000000,False,dormant
praekelt/jmbo-event,Python,20.000000,0.333333,0.000000,False,0.008264,0.000000,0.000000,True,dormant
praekelt/django-setuptest-recipe,Python,0.000000,0.333333,0.000000,False,0.000000,0.000000,0.000000,False,dormant
praekelt/django-section,Python,30.000000,0.250000,0.000000,False,0.134021,0.000000,0.000000,True,dormant
praekelt/django-publisher,Python,30.000000,0.500000,0.000000,False,0.152174,0.000000,0.000000,True,dormant
praekelt/django-profile,Python,30.000000,0.461538,0.000000,False,0.116700,0.000000,0.000000,True,dormant
Linusstrom/Programmering-I,Java,0.000000,0.043478,0.000000,False,0.121648,0.000000,0.000000,False,dormant
rtaupe/Compilers-CA2,Java,40.000000,0.951220,0.000000,False,0.139277,0.000000,0.000000,True,dormant
jperla/xcode-class,C,30.000000,0.029851,0.000000,False,0.365144,0.000000,0.000000,True,dormant
stevenn/lily-devoxxfr,Java,0.000000,0.851852,0.000000,False,0.061019,0.000000,0.000000,False,dormant
pangloss/nested_exceptions,Ruby,0.000000,0.625000,0.000000,False,0.034615,0.000000,0.000000,False,dormant
RyanMentley/Fuzzer,Java,0.000000,1.000000,0.000000,False,0.175000,0.000000,0.000000,False,dormant
jtenorio/scan,PHP,20.000000,0.635721,0.000000,False,0.103021,0.000000,0.000000,True,dormant
parkan/artdirector,Ruby,0.000000,,,,,,,,
FilipeChaves/PDM-LI61D-G04,Java,0.000000,0.512821,0.000000,False,0.067174,0.000000,0.000000,False,dormant
paniwani/date_selector,Ruby,0.000000,0.346154,0.000000,False,0.529915,0.000000,0.000000,False,dormant
mhespenh/SimMotor,C++,0.000000,1.000000,0.000000,False,0.186364,0.000000,0.000000,False,dormant
Enrix835/costituzione-italiana-4.0,Java,40.000000,1.000000,0.000000,False,0.212666,0.000000,0.000000,True,dormant
jvehent/nfqueue_recorder,C,0.000000,0.000000,0.000000,False,0.201835,0.000000,0.000000,False,dormant
vbrilon/Practiceguide,PHP,20.000000,0.157439,0.000000,False,0.192451,0.000000,0.000000,True,dormant
mopatches/Periscope-Rails,Ruby,30.000000,0.428571,0.000000,False,0.044286,0.000000,0.000000,True,dormant
bergman/crater,Java,0.000000,1.000000,0.000000,False,0.068571,0.000000,0.000000,False,dormant
vanaltj/botula,Java,40.000000,1.000000,0.000000,False,0.373898,0.000000,0.000000,True,dormant
tongzhang54/aboipanda,C,0.000000,1.000000,0.000000,False,0.152886,0.000000,0.000000,False,dormant
dgshep/461-Projects,Java,0.000000,0.920000,0.000000,False,0.099887,0.000000,0.000000,False,dormant
ciaran/tm-completion,Ruby,0.000000,1.000000,0.000000,False,0.021665,0.000000,0.000000,False,dormant
landakram/database-final,Python,20.000000,0.571429,0.000000,False,0.005568,0.000000,0.000000,True,dormant
halhelms/interfaces,Ruby,0.000000,0.169811,0.000000,False,0.453411,0.000000,0.000000,False,dormant
oneuplogic/Tagbag,PHP,20.000000,0.333333,0.000000,False,0.133929,0.000000,0.000000,True,dormant
nthj/list-kata,Ruby,0.000000,1.000000,0.000000,False,0.191667,0.000000,0.000000,False,dormant
cbrenton/572Lab1,C++,0.000000,0.628788,0.000000,False,0.442018,0.000000,0.000000,False,dormant
gaorlov/DAAS,C,0.000000,0.834951,0.000000,False,0.069999,0.000000,0.000000,False,dormant
dmkm2011/vinylmgr,Python,30.000000,0.339623,0.000000,False,0.149206,0.000000,0.000000,True,dormant
Loch/ICC,Java,0.000000,0.803571,0.000000,False,0.118620,0.000000,0.000000,False,dormant
nelitaodalindezasauro/Moluscation,Java,0.000000,0.838710,0.000000,False,0.102443,0.000000,0.000000,False,dormant
okfn/owslib,Python,50.000000,0.812500,0.000000,False,0.236775,0.000000,0.000000,True,dormant
Pentestify/omgeasymon,Ruby,0.000000,0.500000,0.000000,False,0.233333,0.000000,0.000000,False,dormant
westwooder/MagicUpdate,C#,0.000000,0.000000,0.000000,False,0.008721,0.000000,0.000000,False,dormant
Squatingyeti/YetiHome,Java,0.000000,1.000000,0.000000,False,0.113624,0.000000,0.000000,False,dormant
ynohtnagnad/CSE135_Spring-12,Java,0.000000,1.000000,0.000000,False,0.111652,0.000000,0.000000,False,dormant
JamesDunne/RyanWeb,PHP,0.000000,0.333333,0.000000,False,0.105210,0.000000,0.000000,False,dormant
crishoj/kfold,Ruby,0.000000,0.428571,0.000000,False,0.012012,0.000000,0.000000,False,dormant
prrekapaee9f/git-training,C,0.000000,0.083333,0.000000,False,0.000000,0.000000,0.000000,False,dormant
craig552uk/getImage,PHP,0.000000,0.000000,0.000000,False,0.360656,0.000000,0.000000,False,dormant
ursm/sprk2012-rails-the-bad-parts,Ruby,0.000000,0.000000,0.000000,False,0.000000,0.000000,0.000000,False,dormant
gmarik/mini-rails,Ruby,0.000000,0.800000,0.000000,False,0.000000,0.000000,0.000000,False,dormant
ishalyminov/shad_nlp_earley,Python,0.000000,1.000000,0.000000,False,0.243309,0.000000,0.000000,False,dormant
TeamD/394TeamD,Ruby,0.000000,,,,,,,,
Rhagtoo/sample,Ruby,0.000000,0.451613,0.000000,False,0.288688,0.000000,0.000000,False,dormant
plivo/plivohelper-php,PHP,50.000000,0.909091,0.000000,False,0.354928,0.000000,0.000000,True,dormant
hamannp/konnect,Ruby,30.000000,0.310345,0.000000,False,0.137507,0.000000,0.000000,True,dormant
Latoof/Clustering_TE,Java,0.000000,1.000000,0.000000,False,0.214748,0.000000,0.000000,False,dormant
maikeps/Ghomaime,Java,0.000000,0.901639,0.000000,False,0.123866,0.000000,0.000000,False,dormant
jjinux/pyteladventure,Python,0.000000,0.833333,0.000000,False,0.236476,0.000000,0.000000,False,dormant
jrdi/fann-box,C,0.000000,0.666667,0.000000,False,0.074074,0.000000,0.000000,False,dormant
tcripps/dimensionizer,C,20.000000,0.333333,0.000000,False,0.334509,0.000000,0.000000,True,dormant
eastmad/waterbird,Ruby,0.000000,1.000000,0.000000,False,0.007984,0.000000,0.000000,False,dormant
ivansb/porralles,PHP,0.000000,0.290323,0.000000,False,0.202771,0.000000,0.000000,False,dormant
mattsouth/snomedapi,Java,50.000000,1.000000,0.000000,False,0.325914,0.000000,0.000000,True,dormant
LucasMacedo/Champions-of-fighter,Java,0.000000,0.880952,0.000000,False,0.086826,0.000000,0.000000,False,dormant
obeattie/boto_utils,Python,40.000000,0.818182,0.000000,False,0.065789,0.000000,0.000000,True,dormant
vuce/Monte-Carlo-Tree-Search-Gomoku,Java,0.000000,1.000000,0.000000,False,0.076122,0.000000,0.000000,False,dormant
pargles/NRainhas,Java,0.000000,1.000000,0.000000,False,0.277603,0.000000,0.000000,False,dormant
michelboaventura/pdi-eclat,Java,0.000000,1.000000,0.000000,False,0.136671,0.000000,0.000000,False,dormant
ken-interak-guru/interak_php_basics,PHP,0.000000,0.160714,0.000000,False,0.177705,0.000000,0.000000,False,dormant
vdenotaris/OpenCV-Code-Repository,C,0.000000,,,,,,,,
HitTheSticks/simmons,C++,0.000000,1.000000,0.000000,False,0.165605,0.000000,0.000000,False,dormant
agrass/geekcamp,Ruby,0.000000,0.000000,0.000000,False,0.000000,0.000000,0.000000,False,dormant
podulator/libKml,C#,40.000000,0.967213,0.000000,False,0.185466,0.000000,0.000000,True,dormant
deepesh-nair/CBIT_group8,C#,0.000000,0.047619,0.000000,False,0.280622,0.000000,0.000000,False,dormant
cunyjschool/Documentation-Redux-theme,PHP,20.000000,0.567568,0.000000,False,0.110236,0.000000,0.000000,True,dormant
conorfennell/unlockface,Java,0.000000,1.000000,0.000000,False,0.114046,0.000000,0.000000,False,dormant
theunixbeard/BackTestFramework,Ruby,0.000000,0.428571,0.000000,False,0.382075,0.000000,0.000000,False,dormant
headsupdev/java-compression,Java,50.000000,1.000000,0.000000,False,0.117718,0.000000,0.000000,True,dormant
rcoppolo/make_sandwich,Ruby,0.000000,0.326087,0.000000,False,0.302028,0.000000,0.000000,False,dormant
kloplop321/Cordite-Display-Manager,C++,40.000000,0.769231,0.000000,False,0.238916,0.000000,0.000000,True,dormant
shailpatel2/doing_general_things,Ruby,0.000000,0.290323,0.000000,False,0.457656,0.000000,0.000000,False,dormant
rahult/asana,Ruby,10.000000,0.600000,0.000000,False,0.000000,0.000000,0.000000,True,dormant
phyrisrose/Object-Z_to_UML,Python,0.000000,0.666667,0.000000,False,0.101664,0.000000,0.000000,False,dormant
Pentestify/punching_bag,Ruby,0.000000,1.000000,0.000000,False,0.371981,0.000000,0.000000,False,dormant
dokipen/dscrazy,Python,0.000000,0.000000,0.000000,False,0.000000,0.000000,0.000000,False,dormant
arjamizo/Contacts-Serializer,C#,0.000000,0.500000,0.000000,False,0.214286,0.000000,0.000000,False,dormant
eddytrex/OLC2JavaSpaceshipBattleCode,Java,0.000000,0.935484,0.000000,False,0.107279,0.000000,0.000000,False,dormant
jfuentes926/TitanPlayer,Java,0.000000,0.700000,0.000000,False,0.132770,0.000000,0.000000,False,dormant
ganadist/pyobex,C,0.000000,0.000000,0.000000,False,0.010110,0.000000,0.000000,False,dormant
padeen/Fighters-of-Co-Lor,Java,0.000000,0.950000,0.000000,False,0.021849,0.000000,0.000000,False,dormant
awexomeguy/cs467hw4,Java,0.000000,1.000000,0.000000,False,0.101382,0.000000,0.000000,False,dormant
jpastuszek/varnish-hit-stats,Ruby,50.000000,0.814815,0.000000,False,0.014786,0.000000,0.000000,True,dormant
dixiekee/images-lab,Java,40.000000,0.916667,0.000000,False,0.293208,0.000000,0.000000,True,dormant
sanchanusa/myMusicPlayer,Java,0.000000,0.333333,0.000000,False,0.153366,0.000000,0.000000,False,dormant
ahloyc/quiz8gwt,Java,0.000000,0.666667,0.000000,False,0.316216,0.000000,0.000000,False,dormant
banning/CSE557_Assignment4,C++,0.000000,0.000000,0.000000,False,0.157895,0.000000,0.000000,False,dormant
fitti72/vergaConVerga,Java,0.000000,0.736842,0.000000,False,0.172680,0.000000,0.000000,False,dormant
dibieo/Tweet-popularity,Java,20.000000,0.636364,0.000000,False,0.063278,0.000000,0.000000,True,dormant
mmcgrana/gorg,Ruby,0.000000,1.000000,0.000000,False,0.000000,0.000000,0.000000,False,dormant
nitrousox1de/S-CUBED,Java,0.000000,0.954545,0.000000,False,0.159778,0.000000,0.000000,False,dormant
Amit-Thawait/Photo-Upload-App,Ruby,0.000000,0.264706,0.000000,False,0.321046,0.000000,0.000000,False,dormant
prodeezy/Peer2Peer,C++,0.000000,0.875000,0.000000,False,0.147799,0.000000,0.000000,False,dormant
dupuchba/WelcomeWall,PHP,20.000000,0.378378,0.000000,False,0.108706,0.000000,0.000000,True,dormant
arnvald/marathon_runners,Ruby,0.000000,0.357143,0.000000,False,0.519256,0.000000,0.000000,False,dormant
sunlightlabs/datacommons-matchbox,Python,0.000000,,,,,,,,
jafetgaliza/Batalha_Naval,Java,0.000000,1.000000,0.000000,False,0.000000,0.000000,0.000000,False,dormant
shadow7412/Descent,PHP,0.000000,0.315789,0.000000,False,0.274882,0.000000,0.000000,False,dormant
acelan/choqok-plurk,C++,45.000000,1.000000,0.000000,True,0.172363,0.000000,0.000000,True,dormant
kudkudak/Eris,C++,0.000000,,,,,,,,
sumeetpareek/compare_items,PHP,0.000000,0.000000,0.000000,False,0.576023,0.000000,0.000000,False,dormant
mysociety/popit-mysociety,Python,20.000000,0.333333,0.000000,False,0.283276,0.000000,0.000000,True,dormant
valeriyv/Data_structures,Java,0.000000,1.000000,0.000000,False,0.080717,0.000000,0.000000,False,dormant
softside/learnningnotes,Python,50.000000,1.000000,0.000000,False,0.226977,0.000000,0.000000,True,dormant
saket-j/ScalingnDenoising,C++,0.000000,0.826087,0.000000,False,0.085030,0.000000,0.000000,False,dormant
svparijs/TYPO3-Vagrant,Ruby,0.000000,,,,,,,,
saket-j/iStudio,C#,0.000000,0.700000,0.000000,False,0.196500,0.000000,0.000000,False,dormant
mixersoft/odesk-11563930,PHP,50.000000,0.880952,0.000000,False,0.279508,0.000000,0.000000,True,dormant
feipu123/NoBees,C++,0.000000,0.900000,0.000000,False,0.099732,0.000000,0.000000,False,dormant
spiche/final,C#,0.000000,0.555556,0.000000,False,0.132541,0.000000,0.000000,False,dormant
chendo/melbjpapi,Ruby,0.000000,0.000000,0.000000,False,0.000000,0.000000,0.000000,False,dormant
whiskeysierra/gesture-remote,Java,40.000000,0.932203,0.000000,False,0.120549,0.000000,0.000000,True,dormant
curlybraceproductions/PublicTrial,Java,0.000000,1.000000,0.000000,False,0.186589,0.000000,0.000000,False,dormant
sdzahed/624-Project,C++,50.000000,0.947860,0.000000,False,0.290685,0.000000,0.000000,True,dormant
sizzo/something-sizzle-android,Java,50.000000,0.935484,0.000000,False,0.097748,0.000000,0.000000,True,dormant
reissjason/CS4511-Project,C++,0.000000,1.000000,0.000000,False,0.139086,0.000000,0.000000,False,dormant
sohan/Popup-Shop,Python,20.000000,0.000000,0.000000,False,0.022346,0.000000,0.000000,True,dormant
maxking/disqus,Ruby,0.000000,0.395349,0.000000,False,0.214727,0.000000,0.000000,False,dormant
spiche/realFinal,C#,0.000000,0.714286,0.000000,False,0.179724,0.000000,0.000000,False,dormant
gudbergur/appnginpinger,Python,20.000000,0.000000,0.000000,False,0.073333,0.000000,0.000000,True,dormant
patr1ck/Mitosis,C,30.000000,0.280000,0.000000,False,0.106187,0.000000,0.000000,True,dormant
dreamsocket/android-viewstacks,Java,0.000000,1.000000,0.000000,False,0.196123,0.000000,0.000000,False,dormant
choppen5/BankTracker,Ruby,0.000000,0.544776,0.000000,False,0.178516,0.000000,0.000000,False,dormant
axle202/Tutorial,Ruby,0.000000,0.428571,0.000000,False,0.382075,0.000000,0.000000,False,dormant
hflam/Tracker,PHP,0.000000,0.788043,0.000000,False,0.388579,0.000000,0.000000,False,dormant
dormedas/DataStructuresFinalProject,C++,0.000000,1.000000,0.000000,False,0.108696,0.000000,0.000000,False,dormant
skenny/Pacman,C,0.000000,0.000000,0.000000,False,0.202802,0.000000,0.000000,False,dormant
zdennis/collectionist-server,Ruby,0.000000,0.225000,0.000000,False,0.298429,0.000000,0.000000,False,dormant
cassou/rootfs_2440,C++,40.000000,0.700000,0.000000,False,0.139640,0.000000,0.000000,True,dormant
deny/Challenges,PHP,0.000000,0.989541,0.000000,False,0.322065,0.000000,0.000000,False,dormant
toastdriven/toastbot,Python,40.000000,0.750000,0.000000,False,0.050505,0.000000,0.000000,True,dormant
maetl/broadsheet,Python,40.000000,0.800000,0.000000,False,0.476564,0.000000,0.000000,True,dormant
sbchen/VidNet,Java,0.000000,0.888889,0.000000,False,0.240593,0.000000,0.000000,False,dormant
tsm/DroidObserver2,Java,0.000000,0.454545,0.000000,False,0.087445,0.000000,0.000000,False,dormant
jeff613/Project576,Java,0.000000,1.000000,0.000000,False,0.071774,0.000000,0.000000,False,dormant
hwada/Artistic-Style,C++,50.000000,0.875000,0.000000,False,0.175993,0.000000,0.000000,True,dormant
compojoom/CUpdater,PHP,20.000000,0.200000,0.000000,False,0.195813,0.000000,0.000000,True,dormant
Talon876/SampleProject,Java,0.000000,0.966667,0.000000,False,0.230976,0.000000,0.000000,False,dormant
mattapperson/ti.brightness,Python,40.000000,0.800000,0.000000,False,0.226891,0.000000,0.000000,True,dormant
hannelita/agilebr-inscricoes,Java,0.000000,0.666667,0.000000,False,0.213706,0.000000,0.000000,False,dormant
ringmaster/microsite,PHP,0.000000,0.722222,0.000000,False,0.117734,0.000000,0.000000,False,dormant
subbukambala/CSCI5105ProgrammingAssignment3,Java,40.000000,1.000000,0.000000,False,0.215740,0.000000,0.000000,True,dormant
yuwenxue/miniRSA,Java,0.000000,1.000000,0.000000,False,0.030726,0.000000,0.000000,False,dormant
verachai/RSA,Java,0.000000,1.000000,0.000000,False,0.082210,0.000000,0.000000,False,dormant
herestomwiththeweather/cyberwire,Java,40.000000,0.937500,0.000000,False,0.013534,0.000000,0.000000,True,dormant
neet-b/wikera,Ruby,0.000000,0.444444,0.000000,False,0.036364,0.000000,0.000000,False,dormant
EmilStenstrom/D01d,Python,0.000000,0.090909,0.000000,False,0.021505,0.000000,0.000000,False,dormant
codekata-tw/codekata,Java,0.000000,0.928571,0.000000,False,0.055655,0.000000,0.000000,False,dormant
wchieng/CS194-MuPDF,C,50.000000,0.905797,0.000000,False,0.076098,0.000000,0.000000,True,dormant
Glass-lu/Glass.Sitecore.Mapper.Rocks,C#,0.000000,,,,,,,,
workshops-engage/ruby19-oo,Ruby,0.000000,0.281250,0.000000,False,0.124474,0.000000,0.000000,False,dormant
nskboy/tunnelblick,C,50.000000,0.869628,0.000000,False,0.192539,0.000000,0.000000,True,dormant
hinathan/edges-php,PHP,0.000000,1.000000,0.000000,False,0.098689,0.000000,0.000000,False,dormant
samsmo/inner_monsters,C,0.000000,0.058824,0.000000,False,0.223435,0.000000,0.000000,False,dormant
thiagodnf/MiniJava,Java,0.000000,0.818182,0.000000,False,0.114444,0.000000,0.000000,False,dormant
steveshogren/Loan-Tracker,PHP,0.000000,0.888889,0.000000,False,0.128462,0.000000,0.000000,False,dormant
ianha/LastResort,Ruby,50.000000,0.933333,0.000000,False,0.087404,0.000000,0.000000,True,dormant
ledif85/PCR-FPD-RFS,Java,40.000000,0.922747,0.000000,False,0.232918,0.000000,0.000000,True,dormant
DarrenN/stretchy_pants,Ruby,20.000000,0.625000,0.000000,False,0.199438,0.000000,0.000000,True,dormant
srideviv/PlanOurTrip,Ruby,0.000000,0.214286,0.000000,False,0.279698,0.000000,0.000000,False,dormant
vtselfa/Compilador,C,0.000000,0.333333,0.000000,False,0.117766,0.000000,0.000000,False,dormant
omatviy/bojko_kyrsova,Ruby,0.000000,0.388889,0.000000,False,0.288032,0.000000,0.000000,False,dormant
iHiD/dinero,C#,0.000000,0.500000,0.000000,False,0.142212,0.000000,0.000000,False,dormant
evenitz/Fellow-training-manual-2,Ruby,0.000000,0.231707,0.000000,False,0.399592,0.000000,0.000000,False,dormant
gabeanzelini/refinery_paypal_store,Ruby,0.000000,0.388889,0.000000,False,0.043062,0.000000,0.000000,False,dormant
originell/django-tagging-autocomplete,Python,20.000000,0.333333,0.000000,False,0.090909,0.000000,0.000000,True,dormant
antonymarceles/28Game,Java,0.000000,1.000000,0.000000,False,0.065924,0.000000,0.000000,False,dormant
tellesnobrega/Ocl-Assembly-Compiler,Java,0.000000,0.972414,0.000000,False,0.014832,0.000000,0.000000,False,dormant
boaf/Aggrgtr,PHP,0.000000,1.000000,0.000000,False,0.053097,0.000000,0.000000,False,dormant
tbjorkna/SnurreFileManager,Java,0.000000,,,,,,,,
rvishnu/RSPWeb,Java,0.000000,0.666667,0.000000,False,0.044971,0.000000,0.000000,False,dormant
usuariodeprueba/repositoriodeprueba,Java,0.000000,0.000000,0.000000,False,0.307692,0.000000,0.000000,False,dormant
butara/RZP,Java,0.000000,0.863636,0.000000,False,0.014386,0.000000,0.000000,False,dormant
ggutierrez/cprelmaster,C,50.000000,0.971014,0.000000,False,0.193249,0.000000,0.000000,True,dormant
jsullivan/hiphype,Ruby,0.000000,0.204545,0.000000,False,0.380000,0.000000,0.000000,False,dormant
philipkimmey/mafia,Python,30.000000,0.350000,0.000000,False,0.051213,0.000000,0.000000,True,dormant
OSguard/xPyrus,PHP,40.000000,0.901961,0.000000,False,0.224725,0.000000,0.000000,True,dormant
gzavitz/citytrend-ml,Java,0.000000,1.000000,0.000000,False,0.009479,0.000000,0.000000,False,dormant
ahojukka5/FEMTools,Python,0.000000,0.784615,0.000000,False,0.179142,0.000000,0.000000,False,dormant
wehriam/Cassorm,Python,50.000000,0.846154,0.000000,False,0.059140,0.000000,0.000000,True,dormant
theinventor/hackathon,Ruby,30.000000,0.234375,0.000000,False,0.177981,0.000000,0.000000,True,dormant
esussman/CS342,Java,0.000000,0.753247,0.000000,False,0.034728,0.000000,0.000000,False,dormant
mcsnetworks/ExpMiner,Java,0.000000,1.000000,0.000000,False,0.019578,0.000000,0.000000,False,dormant
monshi/WhosIN,Java,0.000000,1.000000,0.000000,False,0.053333,0.000000,0.000000,False,dormant
keyboardsurfer/socialbike,Java,40.000000,0.838710,0.000000,False,0.156636,0.000000,0.000000,True,dormant
mcsnetworks/SpoutFly,Java,0.000000,1.000000,0.000000,False,0.025490,0.000000,0.000000,False,dormant
amitpatil/ShakeUp,Java,0.000000,0.777778,0.000000,False,0.217523,0.000000,0.000000,False,dormant
codycollier/ski,Python,20.000000,0.000000,0.000000,False,0.493750,0.000000,0.000000,True,dormant
wickedchicken/clogger,C,50.000000,0.750000,0.000000,False,0.033738,0.000000,0.000000,True,dormant
NAML/telescopio,C,0.000000,0.058824,0.000000,False,0.235364,0.000000,0.000000,False,dormant
tamtu/DT6,Java,0.000000,,,,,,,,
KensoDev/cachier,Ruby,30.000000,0.285714,0.000000,False,0.047243,0.000000,0.000000,True,dormant
treecode/directSPH,C++,0.000000,0.333333,0.000000,False,0.024436,0.000000,0.000000,False,dormant
treecode/libSequoia-SPH,C++,0.000000,0.928571,0.000000,False,0.191012,0.000000,0.000000,False,dormant
crguezl/cursoderorancor2012,Ruby,0.000000,0.500000,0.000000,False,0.057143,0.000000,0.000000,False,dormant
verbox/sp_django_soff,Python,0.000000,0.454545,0.000000,False,0.131265,0.000000,0.000000,False,dormant
joelburford/SwimEdmonton,Java,0.000000,0.777778,0.000000,False,0.105263,0.000000,0.000000,False,dormant
moulis-marius/Eleonore,Java,40.000000,0.976190,0.000000,False,0.216402,0.000000,0.000000,True,dormant
jonatanbrown/Miranda,Ruby,0.000000,0.163636,0.000000,False,0.496008,0.000000,0.000000,False,dormant
jarikos/OHTU-vko4,Java,0.000000,0.977528,0.000000,False,0.049701,0.000000,0.000000,False,dormant
Gralle/EasyBank,Java,0.000000,0.500000,0.000000,False,0.000000,0.000000,0.000000,False,dormant
Ketho/testrepo,C,0.000000,,,,,,,,
sptim/mp3hash,C,0.000000,1.000000,0.000000,False,0.301587,0.000000,0.000000,False,dormant
kubakista/Battle-City,C#,0.000000,0.816327,0.000000,False,0.238869,0.000000,0.000000,False,dormant
jkindle88/4496p4,C++,50.000000,0.900000,0.000000,False,0.409416,0.000000,0.000000,True,dormant
nathforge/pysrc,Python,0.000000,0.500000,0.000000,False,0.000000,0.000000,0.000000,True,dormant
lukemetz/Singularity-Vortex,Python,0.000000,0.583333,0.000000,False,0.099338,0.000000,0.000000,False,dormant
viniciusafguedes/Calculadora-ling-prog-2012-1,C++,0.000000,0.090909,0.000000,False,0.134493,0.000000,0.000000,False,dormant
murtonen/Tietokantaohjelmointi,PHP,0.000000,0.764706,0.000000,False,0.187296,0.000000,0.000000,False,dormant
AnsonKindred/Scorched-Earth,Java,0.000000,0.900000,0.000000,False,0.082977,0.000000,0.000000,False,dormant
alhafoudh/syslog2jabber,Ruby,0.000000,0.000000,0.000000,False,0.017341,0.000000,0.000000,False,dormant
soham/boxeconomy,PHP,40.000000,0.886926,0.000000,False,0.242568,0.000000,0.000000,True,dormant
mlopeza/Queries-SISCON,Java,0.000000,0.571429,0.000000,False,0.158364,0.000000,0.000000,False,dormant
nikhilbhardwaj/Java-Snippets,Java,0.000000,0.884615,0.000000,False,0.126702,0.000000,0.000000,False,dormant
peterlech/Pacman2,Java,0.000000,0.888889,0.000000,False,0.135328,0.000000,0.000000,False,dormant
flavioschuindt/yasc,C,0.000000,0.727273,0.000000,False,0.256448,0.000000,0.000000,False,dormant
xunil/logbot,Ruby,0.000000,0.000000,0.000000,False,0.075000,0.000000,0.000000,False,dormant
peterlech/Proze,Java,0.000000,0.500000,0.000000,False,0.159858,0.000000,0.000000,False,dormant
kodefoundry/yii-doctrine2,PHP,0.000000,0.666667,0.000000,False,0.288462,0.000000,0.000000,False,dormant
CucutaTecnologica/Visor-de-Conferencias-y-Twitter-Stream,PHP,0.000000,0.918083,0.000000,True,0.330931,0.000000,0.000000,False,dormant
varrunr/Parallel-Laser-Chess,C++,0.000000,0.888889,0.000000,False,0.042097,0.000000,0.000000,False,dormant
hugozhu/async_php,PHP,0.000000,0.166667,0.000000,False,0.020000,0.000000,0.000000,False,dormant
df003376/internetbank,Ruby,0.000000,0.290323,0.000000,False,0.469388,0.000000,0.000000,False,dormant
tinyspeck/lib_gearman,PHP,0.000000,0.000000,0.000000,False,0.142857,0.000000,0.000000,False,dormant
nsu/Stats,Python,0.000000,0.333333,0.000000,False,0.213571,0.000000,0.000000,False,dormant
rcasseb/andropter2.2,Java,0.000000,0.750000,0.000000,False,0.122867,0.000000,0.000000,False,dormant
meisner/dexter,Python,0.000000,1.000000,0.000000,False,0.241935,0.000000,0.000000,False,dormant
pokutuna/yacan,Ruby,50.000000,0.833333,0.000000,False,0.024390,0.000000,0.000000,True,dormant
GeoDaSandbox/DynTM,Python,0.000000,0.684685,0.000000,False,0.166772,0.000000,0.000000,False,dormant
PUArcade333/SquirrelHunt,Java,0.000000,0.800000,0.000000,False,0.186501,0.000000,0.000000,False,dormant
lululi/Cheatsheet,Python,0.000000,0.333333,0.000000,False,0.400000,0.000000,0.000000,False,dormant
elliotwoods/Screenlab-0x01,Python,50.000000,0.924528,0.000000,False,0.264271,0.000000,0.000000,True,dormant
Olwaro/LocLacanau,C#,0.000000,0.870968,0.000000,False,0.035909,0.000000,0.000000,False,dormant
MaZderMind/podlove-statistics,PHP,40.000000,0.777778,0.000000,False,0.142857,0.000000,0.000000,True,dormant
ho1ming/HOPdemo,Java,40.000000,0.966667,0.000000,False,0.214760,0.000000,0.000000,True,dormant
rwilli/UE2_2,Java,0.000000,1.000000,0.000000,False,0.133618,0.000000,0.000000,False,dormant
wilde4/test_booking_system,Ruby,0.000000,0.195122,0.000000,False,0.359833,0.000000,0.000000,False,dormant
truongnamkien/TOV,PHP,0.000000,,,,,,,,
hugoflug/indaprojekt,Java,0.000000,0.250000,0.000000,False,0.019231,0.000000,0.000000,False,dormant
Zapotek/cdpsnarf,C,20.000000,0.200000,0.000000,False,0.412886,0.000000,0.000000,True,dormant
yob/pdf-wrapper,Ruby,0.000000,1.000000,0.000000,False,0.271176,0.000000,0.000000,False,dormant
BurntBrunch/django-rewritejs,Python,0.000000,0.500000,0.000000,False,0.299639,0.000000,0.000000,False,dormant
gjbae1212/JY,Ruby,0.000000,0.290323,0.000000,False,0.602978,0.000000,0.000000,False,dormant
Laxcor/nyan,Java,0.000000,,,,,,,,
moltner/CSCInnovationBoardConnect,Ruby,0.000000,0.333333,0.000000,False,0.148760,0.000000,0.000000,False,dormant
Bediko/IAS,Python,0.000000,0.000000,0.000000,False,0.008452,0.000000,0.000000,False,dormant
m1ha1f/Porcoupon,Ruby,30.000000,0.318681,0.000000,False,0.244633,0.000000,0.000000,True,dormant
mattfarina/Fortissino-example,PHP,0.000000,0.000000,0.000000,False,0.324324,0.000000,0.000000,False,dormant
drivefast/nfrest,PHP,0.000000,0.000000,0.000000,False,0.135593,0.000000,0.000000,False,dormant
biifer/ATBIP,Ruby,0.000000,0.228571,0.000000,False,0.242330,0.000000,0.000000,False,dormant
niko-lgdcom/barrows,PHP,40.000000,0.933809,0.000000,False,0.265883,0.000000,0.000000,True,dormant
yifanlu/PSXperia,Java,40.000000,0.923077,0.000000,False,0.098745,0.000000,0.000000,True,dormant
toddhalfpenny/dibigram,PHP,50.000000,0.887064,0.000000,False,0.239271,0.000000,0.000000,True,dormant
windlessuser/tax_online,PHP,50.000000,0.745455,0.000000,False,0.077714,0.000000,0.000000,True,dormant
praekelt/wsgi-ua-mapper,Python,30.000000,0.571429,0.000000,False,0.266133,0.000000,0.000000,True,dormant
tugayac/CSSE376-Elemental-Tower-Defense,Java,0.000000,0.829268,0.000000,False,0.150900,0.000000,0.000000,False,dormant
chambejp/device,C++,40.000000,0.895833,0.000000,False,0.159939,0.000000,0.000000,True,dormant
darrinholst/rnexus,Ruby,30.000000,0.857143,0.000000,False,0.000000,0.000000,0.000000,True,dormant
jamiew/tumblr-dashboard-rss,Ruby,0.000000,0.000000,0.000000,False,0.375000,0.000000,0.000000,False,dormant
chambejp/system,C,50.000000,0.824826,0.000000,False,0.193699,0.000000,0.000000,True,dormant
chambejp/bootable,C,50.000000,0.810458,0.000000,False,0.206724,0.000000,0.000000,True,dormant
chambejp/ndk,C,50.000000,0.684838,0.000000,False,0.170711,0.000000,0.000000,True,dormant
hubgit/pubmed-central-affiliations,PHP,0.000000,0.200000,0.000000,False,0.020408,0.000000,0.000000,False,dormant
SergeyTeplyakov/CrazyTalk,C#,0.000000,0.592593,0.000000,False,0.034406,0.000000,0.000000,False,dormant
iamsothecoolest/Fallborn,Java,0.000000,0.807692,0.000000,False,0.031640,0.000000,0.000000,False,dormant
ONGEI/django-project-admin,Python,0.000000,0.400000,0.000000,False,0.046465,0.000000,0.000000,False,dormant
brandonc/moonshine,C#,20.000000,0.500000,0.000000,False,0.122845,0.000000,0.000000,True,dormant
bmeans/Banner,Java,0.000000,0.842105,0.000000,False,0.124973,0.000000,0.000000,False,dormant
chambejp/development,C,30.000000,0.351082,0.000000,False,0.252864,0.000000,0.000000,True,dormant
mig5/madelon,Python,40.000000,1.000000,0.000000,False,0.227119,0.000000,0.000000,True,dormant
charlotte-ruby/social_engine,Ruby,50.000000,0.666667,0.000000,False,0.045850,0.000000,0.000000,True,dormant
jarsbe/i-can-haz-ipsum,Ruby,0.000000,0.250000,0.000000,False,0.000000,0.000000,0.000000,False,dormant
ArturoDAI/ProyectoPrueba,Java,0.000000,0.400000,0.000000,False,0.178571,0.000000,0.000000,False,dormant
mootoh/TimeCard,Java,50.000000,0.818182,0.000000,False,0.020384,0.000000,0.000000,True,dormant
codilechasseur/oa-contrib-vbo_search_and_replace,PHP,0.000000,0.000000,0.000000,False,0.000000,0.000000,0.000000,False,dormant
jeneriz/pi-reader,Java,0.000000,1.000000,0.000000,False,0.176796,0.000000,0.000000,False,dormant
mmkay/eti-lan-recog,Java,0.000000,0.875000,0.000000,False,0.180339,0.000000,0.000000,False,dormant
jiuzheng/miniRSA,Java,0.000000,1.000000,0.000000,False,0.137785,0.000000,0.000000,False,dormant
diagonalfish/CS8803HIT-HIE,Java,40.000000,0.974684,0.000000,False,0.253112,0.000000,0.000000,True,dormant
scjudd/cosketch,Python,0.000000,0.000000,0.000000,False,0.006452,0.000000,0.000000,False,dormant
jessenic/HaRET-WP7-Launcher,C#,0.000000,0.571429,0.000000,False,0.146684,0.000000,0.000000,False,dormant
zeroinfluencer/nullaesthetic,Python,0.000000,0.750000,0.000000,False,0.220490,0.000000,0.000000,False,dormant
alvinlai/html2json,Ruby,0.000000,0.000000,0.000000,False,0.000000,0.000000,0.000000,False,dormant
kalfonso/code-katas,Java,0.000000,0.923077,0.000000,False,0.029991,0.000000,0.000000,False,dormant
zachwlewis/flashpunk-vanilla-themes,PHP,0.000000,,,,,,,,
ramlev/drupal-user-scraper,PHP,0.000000,,,,,,,,
nysenate/NYSenate.gov,PHP,20.000000,0.208020,0.000000,False,0.355197,0.000000,0.000000,True,dormant
robseward/ModServo-and-ModStepper,C++,0.000000,1.000000,0.000000,False,0.336406,0.000000,0.000000,False,dormant
chambejp/bionic,C,30.000000,0.406019,0.000000,False,0.271261,0.000000,0.000000,True,dormant
adam410/cs365p4,Python,0.000000,0.833333,0.000000,False,0.081342,0.000000,0.000000,False,dormant
svmheroku/cj4b4,Ruby,0.000000,0.050000,0.000000,False,0.217934,0.000000,0.000000,False,dormant
yngwie74/PegGame,C#,0.000000,0.823529,0.000000,False,0.035759,0.000000,0.000000,False,dormant
filenameexe/dubcon.fm,Python,0.000000,0.333333,0.000000,False,0.341085,0.000000,0.000000,False,dormant
nagarathnam200/Parallel-LZW,C++,40.000000,1.000000,0.000000,False,0.092294,0.000000,0.000000,True,dormant
sws4q/TourApp,Java,0.000000,0.933333,0.000000,False,0.071970,0.000000,0.000000,False,dormant
jronallo/nead,Ruby,30.000000,0.425926,0.000000,False,0.145176,0.000000,0.000000,True,dormant
silentbicycle/skiplist,C,30.000000,0.545455,0.000000,False,0.119261,0.000000,0.000000,True,dormant
yasulab/emacs_bot,Ruby,0.000000,0.500000,0.000000,False,0.009278,0.000000,0.000000,False,dormant
dogfeet/flydown,Ruby,0.000000,0.000000,0.000000,False,0.078431,0.000000,0.000000,False,dormant
earwig/func-smash,Python,0.000000,1.000000,0.000000,False,0.001883,0.000000,0.000000,False,dormant
chambejp/sdk,Java,50.000000,0.979275,0.000000,False,0.278111,0.000000,0.000000,True,dormant
zettet/GESTALT,Python,0.000000,0.500000,0.000000,False,0.307420,0.000000,0.000000,False,dormant
mozor/idlerpgweb,PHP,0.000000,0.312500,0.000000,False,0.037628,0.000000,0.000000,False,dormant
panchicore/rennynode,Python,0.000000,0.647059,0.000000,False,0.250271,0.000000,0.000000,False,dormant
yodojo/Popular,Java,0.000000,1.000000,0.000000,False,0.000000,0.000000,0.000000,False,dormant
nbergst/wallfinder,C,0.000000,0.000000,0.000000,False,0.024879,0.000000,0.000000,False,dormant
dake360/rootfolio,Ruby,0.000000,0.395833,0.000000,False,0.179147,0.000000,0.000000,False,dormant
colinpollock/cfl,Python,0.000000,0.818182,0.000000,False,0.307990,0.000000,0.000000,False,dormant
yaochen1025/MiniRSA,Java,0.000000,1.000000,0.000000,False,0.131048,0.000000,0.000000,False,dormant
mitechie/sqlalchemy_pyohio2011,Python,0.000000,0.600000,0.000000,False,0.380510,0.000000,0.000000,False,dormant
ebshih/cs161-lab5-p4,Python,0.000000,0.923077,0.000000,False,0.116785,0.000000,0.000000,False,dormant
metareven/Elevator,Python,0.000000,0.800000,0.000000,False,0.135953,0.000000,0.000000,False,dormant
TeamRocketScience/redmine_json_rpc,Ruby,0.000000,0.166667,0.000000,False,0.051020,0.000000,0.000000,False,dormant
RRutsche/RationalNumberArray,C++,0.000000,0.833333,0.000000,False,0.158974,0.000000,0.000000,False,dormant
zoficimburova/PJIN_B,C++,0.000000,0.785714,0.000000,False,0.045240,0.000000,0.000000,False,dormant
benvd/android-addr2line,Python,0.000000,0.000000,0.000000,False,0.020000,0.000000,0.000000,False,dormant
tmkkftl/BioSignal,Python,0.000000,0.894737,0.000000,False,0.197568,0.000000,0.000000,False,dormant
totlol/graphicsshit,Java,0.000000,0.916667,0.000000,False,0.060086,0.000000,0.000000,False,dormant
martinisoft/scriptular,Ruby,0.000000,0.428571,0.000000,True,0.365427,0.000000,0.000000,False,dormant
notiontaxi/GT_AI,C#,0.000000,0.857143,0.000000,False,0.208940,0.000000,0.000000,False,dormant
Mr-Anderson/turtlebot_360,C++,0.000000,0.736842,0.000000,False,0.351959,0.000000,0.000000,False,dormant
luanpotter/Graphics,Java,0.000000,1.000000,0.000000,False,0.032874,0.000000,0.000000,False,dormant
ElectricAegis/WitsTSPClusterWebServer,PHP,0.000000,0.000000,0.000000,False,0.000000,0.000000,0.000000,False,dormant
LinkedT/DigitalDivider,Java,0.000000,1.000000,0.000000,False,0.000000,0.000000,0.000000,False,dormant
ansgri/PipeVisualizer,Java,0.000000,0.500000,0.000000,False,0.172589,0.000000,0.000000,False,dormant
sanjayBysani/masquerade-detection,Java,0.000000,1.000000,0.000000,False,0.036794,0.000000,0.000000,False,dormant
Ovea/system,Java,50.000000,1.000000,0.000000,False,0.256665,0.000000,0.000000,True,dormant
zootella/pipe,Java,0.000000,0.989796,0.000000,False,0.196657,0.000000,0.000000,False,dormant
MiguelPazo/sist_colegio_upt,PHP,0.000000,0.625000,0.000000,False,0.015392,0.000000,0.000000,False,dormant
tiestvilee/pipes-for-Java,Java,0.000000,1.000000,0.000000,False,0.008403,0.000000,0.000000,False,dormant
coupling/spree_support,Ruby,30.000000,0.305556,0.000000,False,0.093863,0.000000,0.000000,True,dormant
Memphiz/script.xbmc.fhem,Python,40.000000,1.000000,0.000000,False,0.025913,0.000000,0.000000,True,dormant
freiwillen/my_ruby_koans,Ruby,0.000000,0.904762,0.000000,False,0.124958,0.000000,0.000000,False,dormant
jonforums/fakekit,Ruby,0.000000,0.250000,0.000000,False,0.000000,0.000000,0.000000,True,dormant
jaredquinn/drama.tk,PHP,0.000000,0.333333,0.000000,False,0.000000,0.000000,0.000000,False,dormant
eakmeister/Sierpinski_Zoom,C,0.000000,0.500000,0.000000,False,0.195946,0.000000,0.000000,False,dormant
mathias-nyman/tehoLab,Java,40.000000,1.000000,0.000000,False,0.062830,0.000000,0.000000,True,dormant
TouK/badblocks-monitor,PHP,0.000000,0.000000,0.000000,False,0.068702,0.000000,0.000000,False,dormant
lepture/july,Python,55.000000,0.692308,0.000000,True,0.240160,0.000000,0.000000,True,dormant
servee/django-servee-navigation,Python,20.000000,0.214286,0.000000,False,0.170245,0.000000,0.000000,True,dormant
bfidder/The_Bearded_Lady_Final_Project,Java,0.000000,1.000000,0.000000,False,0.080597,0.000000,0.000000,False,dormant
cvenomz/OwnBlocks,Java,40.000000,1.000000,0.000000,False,0.088821,0.000000,0.000000,True,dormant
am5a03/Greensleeves,Java,0.000000,1.000000,0.000000,False,0.221667,0.000000,0.000000,False,dormant
hackternoon/mongo4us,Ruby,30.000000,0.544554,0.000000,False,0.415399,0.000000,0.000000,True,dormant
hariseldon78/web_of_trust,C,0.000000,0.272727,0.000000,False,0.039666,0.000000,0.000000,False,dormant
joshiausdemwald/AutowiringBundle,PHP,50.000000,0.737705,0.000000,False,0.497829,0.000000,0.000000,True,dormant
pweiskircher/Theremin,C,30.000000,0.163934,0.000000,False,0.301314,0.000000,0.000000,True,dormant
fagnermff/Sinet,Java,0.000000,0.880000,0.000000,False,0.042256,0.000000,0.000000,False,dormant
congyun/MapRouteDemo,Java,0.000000,1.000000,0.000000,False,0.096829,0.000000,0.000000,False,dormant
rudylopez505/rudylopez505.github.com,Ruby,0.000000,0.000000,0.000000,False,0.046110,0.000000,0.000000,False,dormant
markwatkinson/ci-syntax-highlight,PHP,40.000000,0.777778,0.000000,False,0.107671,0.000000,0.000000,True,dormant
murooka/prog-comp,Java,0.000000,0.000000,0.000000,False,0.008333,0.000000,0.000000,False,dormant
brandonc/nbroadcast,C#,50.000000,0.884615,0.000000,False,0.101949,0.000000,0.000000,True,dormant
fnando/post_commit,Ruby,0.000000,0.863636,0.000000,False,0.157178,0.000000,0.000000,False,dormant
marcor/opencart-sidecart,PHP,0.000000,0.333333,0.000000,False,0.025688,0.000000,0.000000,False,dormant
aulas/ProgramacaoIV,Java,0.000000,0.903226,0.000000,False,0.017427,0.000000,0.000000,False,dormant
paukul/humpty,Ruby,40.000000,1.000000,0.000000,False,0.035250,0.000000,0.000000,True,dormant
mushira4/BookStore,Java,0.000000,0.800000,0.000000,False,0.077414,0.000000,0.000000,False,dormant
Korovin/gcctd,C#,0.000000,0.714286,0.000000,False,0.165975,0.000000,0.000000,False,dormant
chentianran/hview,Python,0.000000,1.000000,0.000000,False,0.086505,0.000000,0.000000,False,dormant
robby1066/Quick-and-dirty-split-tests,PHP,0.000000,0.000000,0.000000,False,0.161194,0.000000,0.000000,False,dormant
jasperry/CS365_Project_4,Python,0.000000,0.857143,0.000000,False,0.099907,0.000000,0.000000,False,dormant
huogerac/acpy-circulante,Python,0.000000,0.428571,0.000000,False,0.187070,0.000000,0.000000,False,dormant
wayfinder/Wayfinder-Android-Navigator,Java,40.000000,0.989691,0.000000,False,0.290871,0.000000,0.000000,True,dormant
senechaux/rutino-server,PHP,50.000000,0.905794,0.000000,False,0.394700,0.000000,0.000000,True,dormant
forsberg/kbdcounter,Python,40.000000,0.666667,0.000000,False,0.180628,0.000000,0.000000,True,dormant
dashnotes/httpbridge,Java,0.000000,1.000000,0.000000,False,0.437980,0.000000,0.000000,False,dormant
jsflive/mymail-get,Java,0.000000,0.000000,0.000000,False,0.000000,0.000000,0.000000,False,dormant
alexfdz/meetme,Java,0.000000,0.944444,0.000000,False,0.312401,0.000000,0.000000,False,dormant
sagaian/barcodeDecoder,C++,0.000000,0.956522,0.000000,False,0.156941,0.000000,0.000000,False,dormant
runekaagaard/php-simple-backup,PHP,0.000000,0.000000,0.000000,False,0.011976,0.000000,0.000000,False,dormant
chzhcn/845,Python,0.000000,0.400000,0.000000,False,0.133178,0.000000,0.000000,False,dormant
AuraofMana/CS580FinalProj,C++,0.000000,0.851852,0.000000,False,0.159730,0.000000,0.000000,False,dormant
automatthew/ambitious_activeldap,Ruby,0.000000,,,,,,,,
addy689/OnlineStore,PHP,0.000000,0.050000,0.000000,False,0.062891,0.000000,0.000000,False,dormant
dalanmiller/Arachnid,Python,0.000000,0.600000,0.000000,False,0.229446,0.000000,0.000000,False,dormant
petewarden/linkedinoauthexample,PHP,0.000000,0.750000,0.000000,False,0.288932,0.000000,0.000000,False,dormant
vincentopensourcetaiwan/forum_demo,Ruby,0.000000,,,,,,,,
saragore/Art-Education-Resources,Python,50.000000,0.833333,0.000000,False,0.081981,0.000000,0.000000,True,dormant
xocekim/Team-Liquid-Streams-Chrome-Extension,Python,0.000000,,,,,,,,
Kalyse/GeoPlanet,PHP,0.000000,0.955224,0.000000,False,0.473225,0.000000,0.000000,False,dormant
s7ephen/pfi,Python,0.000000,1.000000,0.000000,False,0.166359,0.000000,0.000000,False,dormant
BrunoNSantos/Exercicio_Strategy,Java,0.000000,0.777778,0.000000,False,0.182400,0.000000,0.000000,False,dormant
j0n3lson/CS361-Labs,Java,0.000000,0.880952,0.000000,False,0.174395,0.000000,0.000000,False,dormant
fgenesis/Aquaria_experimental,C,50.000000,0.778165,0.000000,False,0.172750,0.000000,0.000000,True,dormant
hiphi/ofxMMD,C++,0.000000,0.963636,0.000000,False,0.275788,0.000000,0.000000,False,dormant
kjlam/CS194-GA-TSP,C++,0.000000,0.500000,0.000000,False,0.359290,0.000000,0.000000,False,dormant
itsmeduncan/corus,Ruby,10.000000,0.333333,0.000000,False,0.000000,0.000000,0.000000,True,dormant
anuja-14/KRR_Taxonomy,Java,40.000000,1.000000,0.000000,False,0.233577,0.000000,0.000000,True,dormant
lsproc/Quick-Analyse,PHP,40.000000,0.903061,0.000000,False,0.144138,0.000000,0.000000,True,dormant
schacon/git-server,Ruby,0.000000,1.000000,0.000000,False,0.038208,0.000000,0.000000,False,dormant
kevintchan/tracking,Python,0.000000,1.000000,0.000000,False,0.115839,0.000000,0.000000,False,dormant
jmartisk/pv243geocaching,Java,50.000000,0.937500,0.000000,False,0.083106,0.000000,0.000000,True,dormant
marvelbox/Alarm-Clock,Java,0.000000,0.888889,0.000000,False,0.116814,0.000000,0.000000,False,dormant
phrase/phrase_example_sinatra_app,Ruby,0.000000,0.666667,0.000000,False,0.000000,0.000000,0.000000,False,dormant
mmasters/spring-hibernate,Java,0.000000,0.000000,0.000000,False,0.000000,0.000000,0.000000,False,dormant
xdite/forum_demo,Ruby,0.000000,0.190476,0.000000,False,0.398186,0.000000,0.000000,False,dormant
jeroenvi/mylist,PHP,20.000000,0.200000,0.000000,False,0.215556,0.000000,0.000000,True,dormant
glaucomunsberg/POO_Simulador,Java,0.000000,1.000000,0.000000,False,0.301994,0.000000,0.000000,False,dormant
llpamies/ClusterDFS,C,0.000000,0.000000,0.000000,False,0.000000,0.000000,0.000000,False,dormant
shiryehoshua/proj2,C,0.000000,0.846154,0.000000,False,0.017900,0.000000,0.000000,False,dormant
okinp/synapCity,C++,0.000000,0.947368,0.000000,False,0.164918,0.000000,0.000000,False,dormant
fermjy/CSharp-Google-Images,C#,0.000000,0.666667,0.000000,False,0.117073,0.000000,0.000000,False,dormant
hecspc/Cinder-OSC,C,20.000000,0.222222,0.000000,False,0.246436,0.000000,0.000000,True,dormant
tiborv/DigitalDivider,Java,0.000000,0.857143,0.000000,False,0.033301,0.000000,0.000000,False,dormant
mstine/fluffbox,Java,0.000000,1.000000,0.000000,False,0.152889,0.000000,0.000000,False,dormant
marcelklehr/zoocache,PHP,40.000000,1.000000,0.000000,False,0.410886,0.000000,0.000000,True,dormant
colourblind/TheSkyAtNight,C++,0.000000,0.500000,0.000000,False,0.009208,0.000000,0.000000,False,dormant
nkingTBG/Cinder-iOS-Tutorial,C++,0.000000,0.500000,0.000000,False,0.033333,0.000000,0.000000,False,dormant
paulobarcelos/SimpleTweener,C++,0.000000,0.965517,0.000000,False,0.119565,0.000000,0.000000,False,dormant
booltox/Cinder-Str33k3r,C++,0.000000,0.500000,0.000000,False,0.024831,0.000000,0.000000,False,dormant
RawConnect/iPhone-App-Wordpress-Theme,PHP,0.000000,0.700000,0.000000,False,0.026721,0.000000,0.000000,False,dormant
44maagnum/princetron_website,Python,50.000000,0.719534,0.000000,False,0.236598,0.000000,0.000000,True,dormant
nickh/dynashard,Ruby,50.000000,0.866667,0.000000,False,0.143655,0.000000,0.000000,True,dormant
jashmenn/cinder-sketches,C++,0.000000,0.615385,0.000000,False,0.053817,0.000000,0.000000,False,dormant
marcos-paiva/frentes-de-miss-o,PHP,40.000000,0.934940,0.000000,False,0.246009,0.000000,0.000000,True,dormant
chambejp/libcore,Java,50.000000,0.994018,0.000000,False,0.420441,0.000000,0.000000,True,dormant
jmhodges/murmur_hash,C++,0.000000,0.000000,0.000000,False,0.110879,0.000000,0.000000,False,dormant
PlumCantaloupe/PhilosopherCube,C++,0.000000,0.904762,0.000000,False,0.132000,0.000000,0.000000,False,dormant
gabrielsuch/simple-db-version,Java,0.000000,0.952381,0.000000,False,0.015666,0.000000,0.000000,False,dormant
liquidzym/ofxOpencv2.4.1,C++,50.000000,0.818841,0.000000,False,0.330634,0.000000,0.000000,True,dormant
vvillas/oberon,PHP,0.000000,0.900000,0.000000,False,0.132639,0.000000,0.000000,False,dormant
emanii/Parallel-Rasterizer,C++,0.000000,1.000000,0.000000,False,0.059259,0.000000,0.000000,False,dormant
adamwiggins/cachemanifest,Ruby,0.000000,0.000000,0.000000,False,0.000000,0.000000,0.000000,False,dormant
mskager/PrinceOfLasers-SpaceInvader,Java,0.000000,1.000000,0.000000,False,0.194404,0.000000,0.000000,False,dormant
cdrttn/stasher,C++,0.000000,0.921053,0.000000,False,0.059212,0.000000,0.000000,False,dormant
luisboch/PHPComponents,PHP,0.000000,0.847458,0.000000,False,0.241178,0.000000,0.000000,False,dormant
joristork/Statred,Python,40.000000,0.928571,0.000000,False,0.458519,0.000000,0.000000,True,dormant
Sushisource/Ring-Visualizer,C++,0.000000,0.727273,0.000000,False,0.132530,0.000000,0.000000,False,dormant
AndrewChanChina/goodstart,Java,40.000000,0.700000,0.000000,False,0.241142,0.000000,0.000000,True,dormant
markjohndoyle/netty-client,Java,50.000000,0.666667,0.000000,False,0.082601,0.000000,0.000000,True,dormant
nburek/WidgetCore,C++,0.000000,1.000000,0.000000,False,0.270876,0.000000,0.000000,False,dormant
sseltzer/SSeltzer_LCD_TS_Library,C++,0.000000,0.500000,0.000000,False,0.145134,0.000000,0.000000,False,dormant
bobbyrward/voidtorrents,Python,0.000000,0.658537,0.000000,False,0.074044,0.000000,0.000000,False,dormant
ctfy/nihuawocai_openfire_plugin,Java,40.000000,0.954545,0.000000,False,0.229690,0.000000,0.000000,True,dormant
idahotallpaul/sample_app,Ruby,0.000000,0.346154,0.000000,False,0.049013,0.000000,0.000000,False,dormant
dileepramesh/Datastructures,C,0.000000,1.000000,0.000000,False,0.304659,0.000000,0.000000,False,dormant
moisesnarvaez/rails-backbone-test-app,Ruby,0.000000,0.264706,0.000000,False,0.362637,0.000000,0.000000,False,dormant